sgg_cd,legal_dong,bjdong_cd
11110,가회동,14600
11110,견지동,12900
11110,경운동,13400
11110,계동,14800
11110,관수동,15500
11110,관철동,13500
11110,교북동,18000
11110,구기동,18200
11110,낙원동,13700
11110,내수동,11800
11110,누상동,10900
11110,누하동,11000
11110,돈의동,15300
11110,동숭동,16800
11110,명륜1가,17000
11110,명륜2가,17100
11110,명륜3가,17300
11110,명륜4가,17200
11110,무악동,18700
11110,부암동,18400
11110,사직동,11500
11110,삼청동,14000
11110,수송동,12400
11110,숭인동,17500
11110,신교동,10200
11110,신문로1가,12000
11110,신문로2가,12100
11110,신영동,18600
11110,안국동,14100
11110,연건동,16600
11110,연지동,16000
11110,옥인동,11100
11110,운니동,13200
11110,원남동,15900
11110,원서동,14900
11110,이화동,16500
11110,익선동,13300
11110,인사동,13600
11110,인의동,15700
11110,적선동,10700
11110,종로1가,12600
11110,종로5가,16300
11110,창성동,10500
11110,창신동,17400
11110,청운동,10100
11110,체부동,11200
11110,충신동,16700
11110,통의동,10600
11110,통인동,10800
11110,평창동,18300
11110,필운동,11300
11110,행촌동,18100
11110,혜화동,16900
11110,홍지동,18500
11110,홍파동,17900
11110,화동,14300
11110,효자동,10400
11110,효제동,16200
11140,광희동1가,14500
11140,광희동2가,14600
11140,남대문로5가,11800
11140,남산동2가,12900
11140,남창동,11200
11140,만리동1가,17300
11140,만리동2가,17400
11140,무학동,16400
11140,묵정동,13600
11140,북창동,11300
11140,순화동,16800
11140,신당동,16200
11140,쌍림동,14700
11140,예장동,14200
11140,오장동,15400
11140,을지로2가,10500
11140,을지로4가,15000
11140,을지로5가,15100
11140,을지로6가,14800
11140,의주로1가,16900
11140,장충동1가,14300
11140,장충동2가,14400
11140,저동2가,16100
11140,중림동,17100
11140,충무로2가,12500
11140,충무로3가,15800
11140,충무로5가,13300
11140,필동1가,13700
11140,필동2가,13800
11140,필동3가,13900
11140,황학동,16500
11140,회현동1가,12100
11140,회현동2가,12200
11140,회현동3가,12300
11140,흥인동,16300
11170,갈월동,10400
11170,남영동,10500
11170,도원동,12000
11170,동빙고동,13200
11170,동자동,10700
11170,문배동,12200
11170,보광동,13600
11170,산천동,11500
11170,서계동,10800
11170,서빙고동,13300
11170,신계동,12300
11170,신창동,11400
11170,용문동,12100
11170,용산동2가,10200
11170,용산동3가,12600
11170,용산동5가,12700
11170,원효로1가,11200
11170,원효로2가,11300
11170,원효로3가,11700
11170,원효로4가,11800
11170,이촌동,12900
11170,이태원동,13000
11170,주성동,13400
11170,청파동1가,10900
11170,청파동2가,11000
11170,청파동3가,11100
11170,한강로1가,12400
11170,한강로2가,12500
11170,한강로3가,12800
11170,한남동,13100
11170,효창동,11900
11170,후암동,10100
11200,금호동1가,10900
11200,금호동2가,11000
11200,금호동3가,11100
11200,금호동4가,11200
11200,도선동,10400
11200,마장동,10500
11200,사근동,10600
11200,상왕십리동,10100
11200,성수동1가,11400
11200,성수동2가,11500
11200,송정동,11800
11200,옥수동,11300
11200,용답동,12200
11200,응봉동,10800
11200,하왕십리동,10200
11200,행당동,10700
11200,홍익동,10300
11215,광장동,10400
11215,구의동,10300
11215,군자동,10900
11215,능동,10200
11215,자양동,10500
11215,중곡동,10100
11215,화양동,10700
11230,답십리동,10500
11230,신설동,10100
11230,용두동,10200
11230,이문동,11000
11230,장안동,10600
11230,전농동,10400
11230,제기동,10300
11230,청량리동,10700
11230,회기동,10800
11230,휘경동,10900
11260,망우동,10500
11260,면목동,10100
11260,묵동,10400
11260,상봉동,10200
11260,신내동,10600
11260,중화동,10300
11290,길음동,13400
11290,돈암동,10300
11290,동선동1가,11600
11290,동선동2가,11700
11290,동선동3가,11800
11290,동선동4가,11900
11290,동선동5가,12000
11290,동소문동1가,10400
11290,동소문동4가,10700
11290,동소문동6가,10900
11290,동소문동7가,11000
11290,보문동1가,13000
11290,보문동2가,13100
11290,보문동3가,13200
11290,보문동4가,12600
11290,보문동5가,12700
11290,보문동6가,12800
11290,보문동7가,12900
11290,삼선동1가,11100
11290,삼선동2가,11200
11290,삼선동3가,11300
11290,삼선동4가,11400
11290,삼선동5가,11500
11290,상월곡동,13700
11290,석관동,13900
11290,성북동,10100
11290,성북동1가,10200
11290,안암동1가,12100
11290,안암동2가,12200
11290,안암동3가,12300
11290,안암동4가,12400
11290,안암동5가,12500
11290,장위동,13800
11290,정릉동,13300
11290,종암동,13500
11290,하월곡동,13600
11305,미아동,10100
11305,번동,10200
11305,수유동,10300
11305,우이동,10400
11320,도봉동,10800
11320,방학동,10600
11320,쌍문동,10500
11320,창동,10700
11350,공릉동,10300
11350,상계동,10500
11350,월계동,10200
11350,중계동,10600
11350,하계동,10400
11380,갈현동,10400
11380,구산동,10500
11380,녹번동,10200
11380,대조동,10600
11380,불광동,10300
11380,수색동,10100
11380,신사동,10900
11380,역촌동,10800
11380,응암동,10700
11380,증산동,11000
11380,진관동,11400
11410,남가좌동,12000
11410,냉천동,10500
11410,대신동,11300
11410,대현동,11200
11410,미근동,10400
11410,봉원동,11500
11410,북가좌동,11900
11410,북아현동,11000
11410,신촌동,11400
11410,연희동,11700
11410,영천동,10800
11410,옥천동,10700
11410,창천동,11600
11410,천연동,10600
11410,충정로2가,10100
11410,충정로3가,10200
11410,합동,10300
11410,홍은동,11800
11410,홍제동,11100
11440,공덕동,10200
11440,구수동,11300
11440,노고산동,11000
11440,당인동,11800
11440,대흥동,10800
11440,도화동,10400
11440,동교동,12100
11440,마포동,10700
11440,망원동,12300
11440,상수동,11500
11440,상암동,12700
11440,서교동,12000
11440,성산동,12500
11440,신공덕동,10300
11440,신수동,11100
11440,신정동,11700
11440,아현동,10100
11440,연남동,12400
11440,염리동,10900
11440,용강동,10500
11440,중동,12600
11440,창전동,11400
11440,토정동,10600
11440,하중동,11600
11440,합정동,12200
11440,현석동,11200
11470,목동,10200
11470,신월동,10300
11470,신정동,10100
11500,가양동,10400
11500,개화동,11000
11500,공항동,10800
11500,내발산동,10600
11500,등촌동,10200
11500,마곡동,10500
11500,방화동,10900
11500,염창동,10100
11500,외발산동,10700
11500,화곡동,10300
11530,가리봉동,10300
11530,개봉동,10700
11530,고척동,10600
11530,구로동,10200
11530,궁동,10900
11530,신도림동,10100
11530,오류동,10800
11530,온수동,11000
11530,천왕동,11100
11530,항동,11200
11545,가산동,10100
11545,독산동,10200
11545,시흥동,10300
11560,당산동,11700
11560,당산동1가,11100
11560,당산동2가,11200
11560,당산동3가,11300
11560,당산동4가,11400
11560,당산동5가,11500
11560,당산동6가,11600
11560,대림동,13300
11560,도림동,11800
11560,문래동1가,11900
11560,문래동3가,12100
11560,문래동5가,12300
11560,문래동6가,12400
11560,신길동,13200
11560,양평동1가,12500
11560,양평동2가,12600
11560,양평동3가,12700
11560,양평동4가,12800
11560,양평동5가,12900
11560,양평동6가,13000
11560,여의도동,11000
11560,영등포동,10100
11560,영등포동1가,10200
11560,영등포동2가,10300
11560,영등포동3가,10400
11560,영등포동4가,10500
11560,영등포동5가,10600
11560,영등포동6가,10700
11560,영등포동7가,10800
11560,영등포동8가,10900
11590,노량진동,10100
11590,대방동,10800
11590,동작동,10600
11590,본동,10400
11590,사당동,10700
11590,상도1동,10300
11590,상도동,10200
11590,신대방동,10900
11590,흑석동,10500
11620,남현동,10300
11620,봉천동,10100
11620,신림동,10200
11650,내곡동,10900
11650,반포동,10700
11650,방배동,10100
11650,서초동,10800
11650,신원동,11100
11650,양재동,10200
11650,염곡동,11000
11650,우면동,10300
11650,잠원동,10600
11680,개포동,10300
11680,논현동,10800
11680,대치동,10600
11680,도곡동,11800
11680,삼성동,10500
11680,세곡동,11100
11680,수서동,11500
11680,신사동,10700
11680,역삼동,10100
11680,율현동,11300
11680,일원동,11400
11680,자곡동,11200
11680,청담동,10400
11710,가락동,10700
11710,거여동,11300
11710,마천동,11400
11710,문정동,10800
11710,방이동,11100
11710,삼전동,10600
11710,석촌동,10500
11710,송파동,10400
11710,신천동,10200
11710,오금동,11200
11710,잠실동,10100
11710,풍납동,10300
11740,강일동,11000
11740,고덕동,10200
11740,길동,10500
11740,둔촌동,10600
11740,명일동,10100
11740,상일동,10300
11740,성내동,10800
11740,암사동,10700
11740,천호동,10900
26110,남포동6가,14100
26110,대창동1가,10200
26110,대청동1가,11600
26110,대청동2가,11700
26110,대청동3가,11800
26110,대청동4가,11900
26110,동광동3가,11300
26110,동광동5가,11500
26110,보수동1가,12000
26110,보수동2가,12100
26110,보수동3가,12200
26110,부평동2가,12400
26110,부평동3가,12500
26110,부평동4가,12600
26110,신창동1가,12700
26110,영주동,10100
26110,중앙동1가,10400
26110,중앙동2가,10500
26110,중앙동4가,10700
26110,중앙동5가,10800
26140,남부민동,12300
26140,동대신동1가,10100
26140,동대신동2가,10200
26140,동대신동3가,10300
26140,부민동1가,10900
26140,부민동2가,11000
26140,부민동3가,11100
26140,부용동1가,10700
26140,부용동2가,10800
26140,서대신동1가,10400
26140,서대신동2가,10500
26140,서대신동3가,10600
26140,아미동1가,11500
26140,아미동2가,11600
26140,암남동,12400
26140,초장동,11900
26140,충무동1가,12000
26140,충무동2가,12100
26140,충무동3가,12200
26140,토성동1가,11200
26140,토성동2가,11300
26140,토성동3가,11400
26140,토성동4가,11700
26140,토성동5가,11800
26170,범일동,10400
26170,수정동,10200
26170,좌천동,10300
26170,초량동,10100
26200,남항동1가,10500
26200,남항동2가,10600
26200,남항동3가,10700
26200,대교동1가,10100
26200,대교동2가,10200
26200,대평동1가,10300
26200,동삼동,12100
26200,봉래동1가,11500
26200,봉래동2가,11600
26200,봉래동3가,11700
26200,봉래동4가,11800
26200,봉래동5가,11900
26200,신선동1가,11200
26200,신선동2가,11300
26200,신선동3가,11400
26200,영선동1가,10800
26200,영선동2가,10900
26200,영선동3가,11000
26200,영선동4가,11100
26200,청학동,12000
26230,가야동,11000
26230,개금동,11100
26230,당감동,10900
26230,범전동,10500
26230,범천동,10400
26230,부암동,10800
26230,부전동,10300
26230,양정동,10100
26230,연지동,10600
26230,전포동,10200
26230,초읍동,10700
26260,낙민동,10400
26260,명륜동,10700
26260,명장동,10100
26260,복천동,10500
26260,사직동,10900
26260,수안동,10600
26260,안락동,10200
26260,온천동,10800
26260,칠산동,10300
26290,감만동,11100
26290,대연동,10600
26290,문현동,10900
26290,용당동,10800
26290,용호동,10700
26290,우암동,11000
26320,구포동,10500
26320,금곡동,10100
26320,덕천동,10400
26320,만덕동,10300
26320,화명동,10200
26350,반송동,10100
26350,반여동,10300
26350,송정동,10800
26350,우동,10500
26350,재송동,10400
26350,좌동,10700
26350,중동,10600
26380,감천동,10800
26380,괴정동,10100
26380,구평동,10700
26380,다대동,10600
26380,당리동,10200
26380,신평동,10400
26380,장림동,10500
26380,하단동,10300
26410,구서동,10700
26410,금사동,11100
26410,금성동,11300
26410,남산동,10400
26410,부곡동,10900
26410,서동,11000
26410,장전동,10800
26410,청룡동,10300
26410,회동동,11200
26440,녹산동,11100
26440,대저1동,10100
26440,대저2동,10200
26440,대항동,12200
26440,동선동,11800
26440,명지동,10400
26440,성북동,11900
26440,송정동,10900
26440,신호동,11700
26440,화전동,11000
26470,거제동,10100
26470,연산동,10200
26500,광안동,10400
26500,남천동,10500
26500,망미동,10100
26500,민락동,10300
26500,수영동,10200
26530,감전동,10500
26530,괘법동,10400
26530,덕포동,10300
26530,모라동,10200
26530,삼락동,10100
26530,엄궁동,10800
26530,주례동,10600
26530,학장동,10700
26710,기장읍 교리,25022
26710,기장읍 대라리,25026
26710,기장읍 대변리,25028
26710,기장읍 동부리,25021
26710,기장읍 서부리,25025
26710,기장읍 연화리,25029
26710,기장읍 청강리,25027
26710,일광읍 삼성리,25921
26710,일광읍 원리,25930
26710,일광읍 이천리,25922
26710,일광읍 학리,25923
26710,일광읍 화전리,25931
26710,장안읍 기룡리,25328
26710,장안읍 길천리,25334
26710,장안읍 반룡리,25331
26710,장안읍 월내리,25330
26710,장안읍 장안리,25325
26710,장안읍 좌천리,25321
26710,정관읍 매학리,25622
26710,정관읍 방곡리,25621
26710,정관읍 예림리,25630
26710,정관읍 용수리,25628
26710,철마면 안평리,33030
27110,교동,12500
27110,남산동,15600
27110,남일동,11700
27110,대봉동,15700
27110,대신동,15400
27110,도원동,12900
27110,동문동,12000
27110,동산동,14000
27110,동인동1가,10100
27110,동인동2가,10200
27110,동인동3가,10300
27110,동인동4가,10400
27110,문화동,12100
27110,봉산동,10800
27110,북내동,15300
27110,삼덕동2가,10600
27110,삼덕동3가,10700
27110,상서동,11000
27110,서문로2가,14100
27110,서성로1가,13400
27110,수창동,13000
27110,시장북로,13500
27110,완전동,12800
27110,인교동,13200
27110,태평로1가,12400
27110,태평로2가,14900
27110,태평로3가,13100
27110,포정동,14300
27110,하서동,13600
27110,향촌동,15200
27140,각산동,12300
27140,검사동,11000
27140,괴전동,12600
27140,도동,10700
27140,동호동,11600
27140,방촌동,11100
27140,봉무동,10500
27140,불로동,10600
27140,서호동,11500
27140,신기동,11700
27140,신서동,12400
27140,신암동,10100
27140,신천동,10200
27140,신평동,11400
27140,용계동,11900
27140,율암동,12000
27140,율하동,11800
27140,입석동,10900
27140,중대동,14200
27140,지묘동,14500
27140,지저동,10800
27140,효목동,10300
27170,내당동,10100
27170,비산동,10200
27170,상리동,10400
27170,원대동1가,10700
27170,원대동2가,10800
27170,원대동3가,10900
27170,중리동,10500
27170,평리동,10300
27200,대명동,10300
27200,봉덕동,10200
27200,이천동,10100
27230,검단동,11300
27230,고성동1가,10300
27230,고성동3가,10500
27230,관음동,12500
27230,구암동,12300
27230,금호동,12900
27230,노곡동,11700
27230,노원동1가,10700
27230,노원동2가,10800
27230,대현동,11000
27230,동변동,11400
27230,동천동,12400
27230,매천동,12700
27230,복현동,11200
27230,산격동,11100
27230,서변동,11500
27230,읍내동,11800
27230,조야동,11600
27230,칠성동1가,10100
27230,칠성동2가,10200
27230,침산동,10600
27230,태전동,12600
27230,팔달동,12800
27260,노변동,12000
27260,대흥동,12700
27260,두산동,11100
27260,만촌동,10200
27260,범물동,11300
27260,범어동,10100
27260,삼덕동,12200
27260,상동,10900
27260,수성동1가,10300
27260,수성동2가,10400
27260,수성동3가,10500
27260,수성동4가,10600
27260,시지동,11400
27260,신매동,11800
27260,욱수동,11900
27260,중동,10800
27260,지산동,11200
27260,파동,11000
27260,황금동,10700
27290,감삼동,11300
27290,대곡동,12300
27290,대천동,11900
27290,두류동,10200
27290,본동,12400
27290,본리동,11400
27290,상인동,11500
27290,성당동,10100
27290,송현동,12200
27290,신당동,10700
27290,용산동,11100
27290,월성동,12000
27290,유천동,11800
27290,이곡동,10800
27290,장기동,11000
27290,죽전동,11200
27290,진천동,11700
27290,호산동,12500
27710,가창면 냉천리,31024
27710,가창면 단산리,31027
27710,가창면 대일리,31028
27710,가창면 삼산리,31031
27710,가창면 용계리,31021
27710,가창면 행정리,31025
27710,구지면 내리,38030
27710,구지면 창리,38021
27710,논공읍 남리,25327
27710,논공읍 북리,25328
27710,다사읍 매곡리,25628
27710,다사읍 서재리,25625
27710,다사읍 세천리,25626
27710,다사읍 죽곡리,25627
27710,옥포읍 강림리,26223
27710,옥포읍 반송리,26227
27710,유가읍 봉리,25924
27710,하빈면 동곡리,33028
27710,현풍읍 부리,26523
27710,현풍읍 상리,26521
27710,현풍읍 성하리,26525
27710,현풍읍 원교리,26526
27710,현풍읍 중리,26522
27710,화원읍 명곡리,25025
27710,화원읍 본리리,25026
27710,화원읍 성산리,25023
27710,화원읍 천내리,25021
27720,군위읍 동부리,25021
27720,군위읍 사직리,25026
27720,군위읍 서부리,25022
27720,효령면 고곡리,32035
28110,경동,13400
28110,관동1가,10900
28110,내동,13300
28110,답동,12500
28110,도원동,13200
28110,북성동1가,13800
28110,북성동2가,13900
28110,북성동3가,14000
28110,사동,12200
28110,선린동,14100
28110,선화동,12900
28110,송월동1가,14200
28110,송월동2가,14300
28110,송월동3가,14400
28110,송학동2가,12000
28110,송학동3가,12100
28110,신생동,12300
28110,신흥동1가,12600
28110,신흥동2가,12700
28110,신흥동3가,12800
28110,용동,13500
28110,운남동,14600
28110,운북동,14800
28110,운서동,14700
28110,유동,13000
28110,율목동,13100
28110,을왕동,14900
28110,인현동,13600
28110,전동,13700
28110,중산동,14500
28110,중앙동1가,10100
28110,중앙동3가,10300
28110,항동7가,11800
28140,금곡동,10600
28140,만석동,10100
28140,송림동,10700
28140,송현동,10300
28140,창영동,10500
28140,화수동,10200
28140,화평동,10400
28177,관교동,10600
28177,도화동,10400
28177,문학동,10700
28177,숭의동,10100
28177,용현동,10200
28177,주안동,10500
28177,학익동,10300
28185,동춘동,10500
28185,선학동,10200
28185,송도동,10600
28185,연수동,10300
28185,옥련동,10100
28185,청학동,10400
28200,간석동,10200
28200,고잔동,11100
28200,구월동,10100
28200,남촌동,10700
28200,논현동,11000
28200,도림동,10900
28200,만수동,10300
28200,서창동,10500
28200,수산동,10800
28200,장수동,10400
28237,갈산동,10600
28237,부개동,10700
28237,부평동,10100
28237,산곡동,10300
28237,삼산동,10500
28237,십정동,10200
28237,일신동,10800
28237,청천동,10400
28245,계산동,10200
28245,귤현동,11100
28245,다남동,12200
28245,동양동,11000
28245,박촌동,10900
28245,방축동,10800
28245,병방동,10700
28245,상야동,11200
28245,서운동,10400
28245,오류동,11800
28245,용종동,10600
28245,임학동,10500
28245,작전동,10300
28245,장기동,12300
28245,효성동,10100
28260,가정동,10800
28260,가좌동,11200
28260,검암동,10300
28260,경서동,10400
28260,공촌동,10500
28260,금곡동,11800
28260,당하동,11400
28260,대곡동,11700
28260,마전동,11300
28260,불로동,12100
28260,석남동,11000
28260,신현동,10900
28260,심곡동,10700
28260,연희동,10600
28260,오류동,11900
28260,왕길동,12000
28260,원당동,11500
28260,청라동,12200
28710,강화읍 갑곳리,25025
28710,강화읍 관청리,25022
28710,강화읍 국화리,25023
28710,강화읍 남산리,25024
28710,강화읍 신문리,25021
28710,강화읍 옥림리,25027
28710,강화읍 용정리,25026
28710,강화읍 월곳리,25028
28710,길상면 길직리,33026
28710,길상면 온수리,33021
28710,길상면 장흥리,33025
28710,내가면 고천리,36021
28710,내가면 외포리,36023
28710,불은면 오두리,32023
28710,삼산면 석모리,41021
28710,선원면 냉정리,31027
28710,선원면 창리,31025
28710,양도면 삼흥리,35025
28710,하점면 창후리,37027
28710,화도면 내리,34021
28710,화도면 상방리,34022
28720,백령면 진촌리,33021
28720,북도면 신도리,31022
28720,영흥면 내리,36022
28720,영흥면 선재리,36023
28720,영흥면 외리,36021
28720,자월면 자월리,37021
29110,계림동,10900
29110,궁동,10600
29110,금남로2가,13200
29110,금남로3가,13300
29110,금남로4가,13400
29110,금남로5가,10200
29110,금동,11400
29110,대인동,10100
29110,동명동,10800
29110,불로동,11600
29110,산수동,11000
29110,서석동,11800
29110,소태동,11900
29110,수기동,10400
29110,용산동,12600
29110,장동,10700
29110,지산동,11100
29110,충장로4가,13000
29110,충장로5가,10300
29110,학동,12200
29110,호남동,11500
29140,광천동,11500
29140,금호동,13000
29140,내방동,12100
29140,농성동,10600
29140,매월동,13200
29140,서창동,12500
29140,쌍촌동,11800
29140,양동,10400
29140,치평동,12000
29140,풍암동,12800
29140,화정동,11900
29155,구동,10200
29155,노대동,10700
29155,방림동,11400
29155,백운동,10500
29155,봉선동,11500
29155,사동,10100
29155,서동,10300
29155,양림동,11300
29155,월산동,10400
29155,임암동,11100
29155,주월동,10600
29155,지석동,12000
29155,진월동,10800
29170,각화동,11300
29170,동림동,10800
29170,두암동,11400
29170,매곡동,11700
29170,문흥동,11200
29170,본촌동,12600
29170,북동,10400
29170,삼각동,11600
29170,신안동,10600
29170,신용동,13000
29170,양산동,12800
29170,연제동,12900
29170,오룡동,14100
29170,오치동,11500
29170,용봉동,10700
29170,우산동,11000
29170,운암동,10900
29170,유동,10200
29170,일곡동,12700
29170,임동,10500
29170,중흥동,10100
29170,풍향동,11100
29200,고룡동,13100
29200,도산동,10200
29200,도천동,11300
29200,비아동,11200
29200,산정동,12700
29200,선암동,10700
29200,소촌동,10800
29200,송정동,10100
29200,수완동,11400
29200,신가동,11900
29200,쌍암동,11600
29200,연산동,15500
29200,우산동,10900
29200,운남동,12000
29200,운수동,10600
29200,월계동,11500
29200,월전동,14600
29200,장덕동,12300
29200,지죽동,14900
29200,하남동,12500
29200,흑석동,12400
30110,가양동,11400
30110,가오동,10500
30110,낭월동,13600
30110,대동,11000
30110,대성동,13900
30110,삼성동,11800
30110,삼정동,10800
30110,성남동,11600
30110,신흥동,10600
30110,용운동,10900
30110,용전동,11500
30110,원동,10100
30110,인동,10200
30110,자양동,11100
30110,중동,12000
30110,천동,10400
30110,판암동,10700
30110,홍도동,11700
30140,대사동,11000
30140,대흥동,10500
30140,목동,10300
30140,문창동,10600
30140,문화동,11600
30140,부사동,11100
30140,사정동,11800
30140,산성동,11700
30140,석교동,10700
30140,선화동,10200
30140,안영동,11900
30140,오류동,11300
30140,옥계동,10900
30140,용두동,11200
30140,유천동,11500
30140,은행동,10100
30140,중촌동,10400
30140,태평동,11400
30140,호동,10800
30170,가장동,10900
30170,갈마동,11100
30170,관저동,11600
30170,괴정동,10800
30170,내동,11000
30170,도마동,10300
30170,도안동,11500
30170,둔산동,11200
30170,만년동,12800
30170,변동,10200
30170,복수동,10100
30170,용문동,10500
30170,월평동,11300
30170,정림동,10400
30170,탄방동,10600
30200,갑동,11800
30200,관평동,14600
30200,교촌동,10200
30200,구암동,11200
30200,궁동,12200
30200,노은동,11900
30200,대정동,10300
30200,덕명동,11300
30200,도룡동,12700
30200,둔곡동,15200
30200,문지동,14000
30200,반석동,13900
30200,복용동,11600
30200,봉명동,11100
30200,상대동,11500
30200,신성동,12500
30200,안산동,13700
30200,용계동,10400
30200,용산동,14400
30200,원내동,10100
30200,원신흥동,11400
30200,자운동,13400
30200,장대동,11700
30200,전민동,14100
30200,죽동,12100
30200,지족동,12000
30200,하기동,13200
30230,대화동,10200
30230,덕암동,11500
30230,목상동,11200
30230,비래동,11000
30230,상서동,11600
30230,석봉동,11100
30230,송촌동,10700
30230,신탄진동,12600
30230,연축동,10400
30230,오정동,10100
30230,와동,10600
30230,읍내동,10300
30230,중리동,10900
30230,평촌동,11700
31110,교동,10700
31110,남외동,11500
31110,다운동,11200
31110,동동,11300
31110,반구동,11800
31110,복산동,10300
31110,북정동,10400
31110,서동,11400
31110,성남동,10600
31110,성안동,10900
31110,약사동,11700
31110,옥교동,10500
31110,우정동,10800
31110,유곡동,11000
31110,태화동,11100
31110,학산동,10200
31110,학성동,10100
31140,달동,10500
31140,매암동,11900
31140,무거동,10100
31140,삼산동,10600
31140,선암동,10900
31140,신정동,10400
31140,야음동,10800
31140,옥동,10200
31170,동부동,10700
31170,방어동,10100
31170,서부동,10800
31170,일산동,10300
31170,전하동,10400
31170,주전동,10600
31170,화정동,10200
31200,구유동,11200
31200,당사동,11600
31200,명촌동,12000
31200,산하동,11800
31200,신명동,11400
31200,신천동,10500
31200,신현동,11700
31200,양정동,12400
31200,연암동,12200
31200,염포동,12700
31200,정자동,11300
31200,중산동,10600
31200,진장동,12100
31200,창평동,10100
31200,천곡동,10800
31200,호계동,10200
31200,화봉동,12500
31710,범서읍 구영리,25927
31710,범서읍 굴화리,25924
31710,범서읍 사연리,25921
31710,범서읍 척과리,25930
31710,범서읍 천상리,25922
31710,삼남읍 교동리,26521
31710,삼남읍 방기리,26524
31710,삼남읍 상천리,26522
31710,삼남읍 신화리,26523
31710,상북면 궁근정리,38030
31710,상북면 산전리,38023
31710,서생면 서생리,31027
31710,서생면 진하리,31028
31710,언양읍 남부리,25332
31710,언양읍 동부리,25330
31710,언양읍 서부리,25331
31710,언양읍 송대리,25325
31710,언양읍 어음리,25324
31710,온산읍 덕신리,25032
31710,온양읍 남창리,25624
31710,온양읍 대안리,25622
31710,온양읍 발리,25621
31710,온양읍 운화리,25629
31710,웅촌면 곡천리,34023
31710,웅촌면 대복리,34029
31710,청량읍 상남리,26223
36110,고운동,11200
36110,금남면 도남리,34046
36110,금남면 용포리,34021
36110,나성동,10700
36110,대평동,10400
36110,도담동,11400
36110,반곡동,10100
36110,보람동,10300
36110,부강면 부강리,33021
36110,산울동,11500
36110,소담동,10200
36110,소정면 대곡리,39023
36110,어진동,11000
36110,연기면 보통리,31022
36110,연기면 연기리,31021
36110,연동면 응암리,32024
36110,연서면 봉암리,36033
36110,연서면 월하리,36021
36110,장군면 도계리,35021
36110,전동면 노장리,38021
36110,전의면 관정리,37027
36110,전의면 동교리,37022
36110,조치원읍 교리,25024
36110,조치원읍 남리,25027
36110,조치원읍 명리,25026
36110,조치원읍 번암리,25031
36110,조치원읍 봉산리,25033
36110,조치원읍 상리,25022
36110,조치원읍 서창리,25034
36110,조치원읍 신안리,25032
36110,조치원읍 신흥리,25029
36110,조치원읍 원리,25021
36110,조치원읍 정리,25025
36110,조치원읍 죽림리,25030
36110,조치원읍 침산리,25028
36110,조치원읍 평리,25023
36110,해밀동,11600
41111,송죽동,13500
41111,연무동,13700
41111,영화동,13400
41111,율전동,13200
41111,이목동,13100
41111,정자동,13000
41111,조원동,13600
41111,천천동,13300
41111,파장동,12900
41111,하광교동,13900
41113,고색동,12800
41113,곡반정동,13600
41113,구운동,13200
41113,권선동,13700
41113,금곡동,13400
41113,당수동,14100
41113,서둔동,13100
41113,세류동,12600
41113,오목천동,12900
41113,입북동,14000
41113,장지동,13800
41113,탑동,13300
41113,평동,12700
41113,호매실동,13500
41115,고등동,13700
41115,교동,13200
41115,구천동,12600
41115,남수동,12700
41115,남창동,12300
41115,매교동,13300
41115,매산로1가,13400
41115,매산로2가,13500
41115,매산로3가,13600
41115,매향동,12800
41115,북수동,12900
41115,신풍동,13000
41115,영동,12400
41115,우만동,14000
41115,인계동,14100
41115,장안동,13100
41115,중동,12500
41115,지동,13900
41115,팔달로1가,12000
41115,팔달로3가,12200
41115,화서동,13800
41117,망포동,10700
41117,매탄동,10100
41117,영통동,10500
41117,원천동,10200
41117,이의동,10300
41117,하동,10400
41131,고등동,11200
41131,금토동,11600
41131,단대동,10400
41131,복정동,10700
41131,사송동,11700
41131,산성동,10500
41131,상적동,11300
41131,수진동,10300
41131,시흥동,11500
41131,신촌동,10900
41131,신흥동,10100
41131,심곡동,11100
41131,양지동,10600
41131,오야동,11000
41131,창곡동,10800
41131,태평동,10200
41133,갈현동,10800
41133,금광동,10300
41133,도촌동,10700
41133,상대원동,10500
41133,성남동,10100
41133,여수동,10600
41133,은행동,10400
41133,중앙동,13200
41133,하대원동,10900
41135,구미동,11400
41135,궁내동,11200
41135,금곡동,11100
41135,대장동,11600
41135,동원동,11300
41135,백현동,11000
41135,분당동,10100
41135,삼평동,10900
41135,서현동,10500
41135,수내동,10200
41135,야탑동,10700
41135,운중동,11500
41135,율동,10400
41135,이매동,10600
41135,정자동,10300
41135,판교동,10800
41150,가능동,11000
41150,고산동,11200
41150,금오동,10900
41150,녹양동,11100
41150,민락동,10600
41150,신곡동,10400
41150,용현동,10500
41150,의정부동,10100
41150,장암동,10300
41150,호원동,10200
41171,박달동,10300
41171,석수동,10200
41171,안양동,10100
41173,관양동,10200
41173,비산동,10100
41173,평촌동,10300
41173,호계동,10400
41192,도당동,10400
41192,상동,10900
41192,소사동,10600
41192,심곡동,10200
41192,약대동,10500
41192,역곡동,10700
41192,원미동,10100
41192,중동,10800
41192,춘의동,10300
41194,괴안동,10400
41194,범박동,10300
41194,소사본동,10100
41194,송내동,10500
41194,심곡본동,10200
41194,옥길동,10600
41196,고강동,10500
41196,내동,10800
41196,삼정동,10700
41196,여월동,10200
41196,오정동,10100
41196,원종동,10400
41196,작동,10300
41210,광명동,10100
41210,소하동,10400
41210,일직동,10600
41210,철산동,10200
41210,하안동,10300
41220,가재동,10700
41220,고덕동,12800
41220,고덕면 궁리,33026
41220,고덕면 당현리,33021
41220,고덕면 동고리,33027
41220,고덕면 문곡리,33023
41220,고덕면 방축리,33028
41220,고덕면 해창리,33025
41220,군문동,11500
41220,독곡동,11100
41220,동삭동,11900
41220,모곡동,10300
41220,비전동,11800
41220,서정동,10100
41220,서탄면 금각리,32029
41220,서탄면 수월암리,32023
41220,서탄면 장등리,32028
41220,세교동,12000
41220,신대동,12200
41220,신장동,11200
41220,안중읍 금곡리,25323
41220,안중읍 성해리,25328
41220,안중읍 안중리,25321
41220,안중읍 용성리,25326
41220,안중읍 학현리,25322
41220,안중읍 현화리,25330
41220,오성면 교포리,34022
41220,오성면 숙성리,34021
41220,오성면 신리,34023
41220,오성면 양교리,34025
41220,오성면 죽리,34026
41220,용이동,12400
41220,이충동,10900
41220,장당동,10200
41220,장안동,10800
41220,죽백동,12700
41220,지산동,11000
41220,지제동,12100
41220,진위면 가곡리,31029
41220,진위면 견산리,31030
41220,진위면 봉남리,31021
41220,진위면 하북리,31031
41220,청북읍 어연리,25928
41220,청북읍 한산리,25930
41220,청북읍 현곡리,25921
41220,칠괴동,10400
41220,칠원동,10500
41220,통복동,11400
41220,팽성읍 객사리,25021
41220,팽성읍 근내리,25029
41220,팽성읍 남산리,25022
41220,팽성읍 노와리,25024
41220,팽성읍 대사리,25040
41220,팽성읍 두리,25027
41220,팽성읍 두정리,25038
41220,팽성읍 본정리,25035
41220,팽성읍 송화리,25045
41220,팽성읍 신호리,25028
41220,팽성읍 안정리,25041
41220,팽성읍 원정리,25031
41220,팽성읍 평궁리,25025
41220,평택동,11300
41220,포승읍 도곡리,25622
41220,포승읍 만호리,25624
41220,포승읍 석정리,25628
41220,포승읍 원정리,25623
41220,포승읍 희곡리,25625
41220,합정동,11700
41220,현덕면 도대리,37021
41220,현덕면 인광리,37025
41220,현덕면 화양리,37023
41250,광암동,10400
41250,동두천동,10700
41250,보산동,10600
41250,상봉암동,10900
41250,상패동,11200
41250,생연동,10300
41250,송내동,10100
41250,안흥동,10800
41250,지행동,10200
41250,탑동동,11100
41250,하봉암동,11000
41271,건건동,11100
41271,본오동,10400
41271,부곡동,10700
41271,사동,10300
41271,사사동,11200
41271,성포동,10800
41271,수암동,11300
41271,월피동,10900
41271,이동,10200
41271,일동,10100
41271,장상동,11400
41271,팔곡이동,10500
41271,팔곡일동,11000
41273,고잔동,10100
41273,대부동동,11000
41273,대부북동,11100
41273,선부동,10900
41273,성곡동,10400
41273,신길동,10300
41273,와동,10200
41273,원곡동,10800
41273,원시동,10500
41273,초지동,10700
41273,화정동,11500
41281,강매동,12400
41281,고양동,11600
41281,관산동,11800
41281,내곡동,12100
41281,내유동,11900
41281,대자동,11700
41281,대장동,12200
41281,덕은동,13100
41281,도내동,10500
41281,동산동,11200
41281,벽제동,11400
41281,삼송동,11100
41281,성사동,10600
41281,신원동,10300
41281,오금동,11000
41281,용두동,11300
41281,원흥동,10400
41281,주교동,10100
41281,지축동,10900
41281,토당동,12000
41281,행신동,12800
41281,행주내동,12500
41281,향동동,13200
41281,현천동,13000
41281,화전동,12900
41281,화정동,12300
41285,마두동,10500
41285,문봉동,11200
41285,백석동,10600
41285,사리현동,10900
41285,설문동,11100
41285,성석동,11300
41285,식사동,10100
41285,장항동,10400
41285,정발산동,10300
41285,중산동,10200
41285,풍동,10700
41287,가좌동,10600
41287,구산동,10700
41287,대화동,10400
41287,덕이동,10500
41287,일산동,10100
41287,주엽동,10200
41287,탄현동,10300
41290,갈현동,10300
41290,과천동,10500
41290,문원동,10200
41290,별양동,10900
41290,부림동,11000
41290,주암동,10600
41290,중앙동,10700
41310,갈매동,10100
41310,교문동,10400
41310,사노동,10200
41310,수택동,10500
41310,아천동,10600
41310,인창동,10300
41310,토평동,10700
41360,금곡동,10300
41360,다산동,11200
41360,별내동,11100
41360,별내면 청학리,31021
41360,수동면 내방리,34024
41360,수동면 송천리,34027
41360,수동면 수산리,34023
41360,수동면 외방리,34025
41360,수동면 운수리,34021
41360,수동면 입석리,34026
41360,수석동,10800
41360,오남읍 양지리,26221
41360,오남읍 오남리,26223
41360,와부읍 덕소리,25021
41360,와부읍 도곡리,25022
41360,조안면 삼봉리,36025
41360,진건읍 사능리,25921
41360,진건읍 송능리,25926
41360,진건읍 용정리,25925
41360,진건읍 진관리,25923
41360,진접읍 금곡리,25328
41360,진접읍 내각리,25322
41360,진접읍 부평리,25325
41360,진접읍 연평리,25324
41360,진접읍 장현리,25321
41360,진접읍 진벌리,25327
41360,진접읍 팔야리,25326
41360,퇴계원읍 퇴계원리,26521
41360,평내동,10200
41360,호평동,10100
41360,화도읍 가곡리,25623
41360,화도읍 금남리,25625
41360,화도읍 녹촌리,25629
41360,화도읍 답내리,25626
41360,화도읍 마석우리,25621
41360,화도읍 묵현리,25622
41360,화도읍 월산리,25627
41360,화도읍 차산리,25630
41360,화도읍 창현리,25628
41370,가장동,10600
41370,갈곶동,12400
41370,고현동,12200
41370,궐동,10400
41370,내삼미동,11000
41370,부산동,10200
41370,세교동,11300
41370,수청동,10800
41370,양산동,11200
41370,오산동,10100
41370,외삼미동,11100
41370,원동,10300
41370,은계동,10900
41370,지곶동,11400
41370,청학동,10500
41370,탑동,11900
41390,거모동,12700
41390,논곡동,12500
41390,능곡동,11800
41390,대야동,10100
41390,도창동,10900
41390,매화동,10800
41390,목감동,12600
41390,물왕동,12200
41390,미산동,10500
41390,배곧동,13500
41390,신천동,10200
41390,월곶동,13100
41390,은행동,10600
41390,장곡동,13000
41390,장현동,12900
41390,정왕동,13200
41390,조남동,12400
41390,포동,10400
41390,하상동,12000
41390,하중동,11900
41410,금정동,10500
41410,당동,10100
41410,당정동,10200
41410,대야미동,10800
41410,도마교동,10900
41410,부곡동,10300
41410,산본동,10400
41430,고천동,10100
41430,내손동,10700
41430,삼동,10300
41430,오전동,10500
41430,왕곡동,10400
41430,월암동,11000
41430,이동,10200
41430,청계동,10800
41430,포일동,10900
41430,학의동,10600
41450,감북동,11300
41450,감이동,11500
41450,감일동,11400
41450,광암동,12400
41450,덕풍동,10800
41450,망월동,10900
41450,미사동,11100
41450,상산곡동,10500
41450,신장동,10600
41450,창우동,10300
41450,초이동,12300
41450,춘궁동,11800
41450,풍산동,11000
41450,하산곡동,10200
41450,학암동,11600
41461,고림동,10600
41461,김량장동,10100
41461,남동,10400
41461,남사읍 봉무리,25921
41461,남사읍 북리,25922
41461,남사읍 아곡리,25930
41461,남사읍 원암리,25926
41461,마평동,10700
41461,모현읍 갈담리,25322
41461,모현읍 능원리,25327
41461,모현읍 동림리,25326
41461,모현읍 매산리,25325
41461,모현읍 오산리,25328
41461,모현읍 왕산리,25321
41461,모현읍 일산리,25324
41461,모현읍 초부리,25323
41461,백암면 근창리,35030
41461,백암면 백봉리,35023
41461,백암면 백암리,35021
41461,삼가동,10300
41461,양지읍 남곡리,26222
41461,양지읍 송문리,26230
41461,양지읍 식금리,26226
41461,양지읍 양지리,26221
41461,양지읍 제일리,26224
41461,양지읍 추계리,26225
41461,역북동,10200
41461,운학동,10800
41461,원삼면 고당리,34021
41461,원삼면 목신리,34029
41461,원삼면 좌항리,34023
41461,원삼면 죽능리,34028
41461,유방동,10500
41461,이동읍 송전리,25621
41461,이동읍 천리,25628
41461,이동읍 화산리,25624
41461,포곡읍 금어리,25022
41461,포곡읍 둔전리,25023
41461,포곡읍 삼계리,25021
41461,포곡읍 전대리,25027
41463,고매동,10800
41463,공세동,10700
41463,구갈동,10200
41463,동백동,11500
41463,마북동,11300
41463,보라동,10500
41463,보정동,11800
41463,상갈동,10300
41463,상하동,11700
41463,서천동,11000
41463,신갈동,10100
41463,언남동,11200
41463,영덕동,11100
41463,중동,11600
41463,지곡동,10600
41463,청덕동,11400
41463,하갈동,10400
41465,고기동,10400
41465,동천동,10300
41465,상현동,10700
41465,성복동,10600
41465,신봉동,10500
41465,죽전동,10200
41465,풍덕천동,10100
41480,검산동,10500
41480,광탄면 분수리,35021
41480,광탄면 신산리,35027
41480,교하동,10700
41480,군내면 백연리,38021
41480,금릉동,12300
41480,금촌동,10100
41480,당하동,11400
41480,동패동,11300
41480,맥금동,10600
41480,목동동,11700
41480,문발동,11500
41480,문산읍 내포리,25029
41480,문산읍 당동리,25022
41480,문산읍 문산리,25021
41480,문산읍 선유리,25023
41480,법원읍 가야리,25623
41480,법원읍 대능리,25625
41480,법원읍 법원리,25622
41480,상지석동,11100
41480,서패동,11900
41480,아동동,10200
41480,야당동,10800
41480,야동동,10400
41480,와동동,12200
41480,월롱면 덕은리,31023
41480,월롱면 영태리,31025
41480,적성면 구읍리,37024
41480,적성면 마지리,37035
41480,조리읍 뇌조리,26222
41480,조리읍 능안리,26226
41480,조리읍 대원리,26227
41480,조리읍 등원리,26223
41480,조리읍 봉일천리,26221
41480,조리읍 오산리,26225
41480,조리읍 장곡리,26224
41480,탄현면 금승리,32028
41480,탄현면 대동리,32025
41480,탄현면 법흥리,32022
41480,파주읍 봉서리,25321
41480,파주읍 봉암리,25324
41480,파주읍 연풍리,25327
41480,파주읍 파주리,25326
41480,파주읍 향양리,25322
41480,하지석동,11800
41500,갈산동,10800
41500,고담동,11400
41500,관고동,10200
41500,단월동,11200
41500,대월면 대대리,35027
41500,대월면 대흥리,35028
41500,대월면 사동리,35026
41500,대월면 초지리,35025
41500,마장면 덕평리,34030
41500,마장면 양촌리,34022
41500,마장면 오천리,34021
41500,마장면 이치리,34028
41500,마장면 표교리,34027
41500,마장면 회억리,34024
41500,모가면 진가리,36021
41500,백사면 모전리,32026
41500,백사면 현방리,32021
41500,부발읍 가좌리,25329
41500,부발읍 무촌리,25321
41500,부발읍 신원리,25323
41500,부발읍 신하리,25328
41500,부발읍 아미리,25330
41500,부발읍 죽당리,25322
41500,사음동,11100
41500,송정동,11000
41500,신둔면 남정리,31022
41500,신둔면 도암리,31026
41500,신둔면 마교리,31032
41500,신둔면 수광리,31021
41500,신둔면 수남리,31028
41500,신둔면 수하리,31027
41500,안흥동,10700
41500,율면 고당리,38021
41500,율현동,10500
41500,장록동,11500
41500,장호원읍 노탑리,25033
41500,장호원읍 오남리,25022
41500,장호원읍 장호원리,25021
41500,장호원읍 진암리,25023
41500,중리동,10300
41500,증포동,10900
41500,진리동,10600
41500,창전동,10100
41500,호법면 매곡리,33025
41500,호법면 안평리,33022
41500,호법면 유산리,33021
41500,호법면 후안리,33023
41550,계동,12100
41550,고삼면 가유리,42024
41550,공도읍 마정리,25030
41550,공도읍 만정리,25029
41550,공도읍 승두리,25026
41550,공도읍 양기리,25021
41550,공도읍 용두리,25025
41550,공도읍 웅교리,25022
41550,공도읍 진사리,25031
41550,구포동,10500
41550,금광면 신양복리,32034
41550,금산동,11400
41550,낙원동,10900
41550,당왕동,12500
41550,대덕면 건지리,35027
41550,대덕면 내리,35028
41550,대덕면 신령리,35031
41550,대덕면 죽리,35030
41550,도기동,12400
41550,명륜동,10700
41550,미양면 신기리,34034
41550,미양면 양변리,34038
41550,봉남동,10400
41550,봉산동,10100
41550,삼죽면 용월리,41023
41550,서운면 양촌리,33033
41550,석정동,11800
41550,성남동,11100
41550,숭인동,10200
41550,신건지동,12800
41550,신모산동,13000
41550,신소현동,12900
41550,신흥동,11200
41550,아양동,11900
41550,양성면 구장리,36022
41550,양성면 노곡리,36031
41550,양성면 동항리,36021
41550,연지동,11500
41550,영동,10300
41550,옥산동,12200
41550,옥천동,10800
41550,원곡면 외가천리,38026
41550,원곡면 칠곡리,38022
41550,인지동,11300
41550,일죽면 산북리,39025
41550,일죽면 송천리,39028
41550,일죽면 주천리,39022
41550,죽산면 매산리,40022
41550,죽산면 장원리,40023
41550,죽산면 죽산리,40021
41550,창전동,11000
41550,현수동,13100
41570,감정동,10500
41570,걸포동,10200
41570,고촌읍 신곡리,25324
41570,고촌읍 풍곡리,25322
41570,구래동,10900
41570,대곶면 대능리,34021
41570,대곶면 대명리,34033
41570,대곶면 대벽리,34022
41570,대곶면 율생리,34025
41570,마산동,10800
41570,북변동,10100
41570,사우동,10600
41570,양촌읍 구래리,25624
41570,양촌읍 누산리,25622
41570,양촌읍 석모리,25623
41570,양촌읍 양곡리,25621
41570,양촌읍 학운리,25626
41570,운양동,10300
41570,월곶면 갈산리,35023
41570,월곶면 군하리,35021
41570,월곶면 포내리,35025
41570,장기동,10400
41570,통진읍 가현리,25025
41570,통진읍 고정리,25028
41570,통진읍 도사리,25021
41570,통진읍 마송리,25022
41570,통진읍 서암리,25023
41570,통진읍 수참리,25024
41570,풍무동,10700
41570,하성면 마곡리,36021
41570,하성면 석탄리,36022
41570,하성면 전류리,36031
41591,남양읍 남양리,25621
41591,남양읍 북양리,25628
41591,남양읍 송림리,25629
41591,남양읍 신남리,25622
41591,남양읍 안석리,25624
41591,남양읍 활초리,25625
41591,마도면 금당리,31029
41591,마도면 두곡리,31022
41591,마도면 백곡리,31028
41591,마도면 석교리,31021
41591,마도면 슬항리,31026
41591,마도면 쌍송리,31024
41591,마도면 청원리,31025
41591,새솔동,10100
41591,서신면 궁평리,33030
41591,서신면 매화리,33028
41591,서신면 상안리,33022
41591,서신면 송교리,33025
41591,서신면 용두리,33029
41591,서신면 장외리,33024
41591,서신면 전곡리,33021
41591,송산면 봉가리,32022
41591,송산면 사강리,32021
41591,송산면 삼존리,32023
41591,송산면 육일리,32034
41591,송산면 지화리,32032
41591,양감면 대양리,36027
41591,양감면 송산리,36024
41591,양감면 신왕리,36021
41591,우정읍 매향리,25030
41591,우정읍 원안리,25021
41591,우정읍 이화리,25028
41591,우정읍 조암리,25032
41591,우정읍 주곡리,25027
41591,우정읍 호곡리,25022
41591,우정읍 화산리,25031
41591,우정읍 화수리,25026
41591,장안면 독정리,35024
41591,장안면 사곡리,35029
41591,장안면 사랑리,35027
41591,장안면 석포리,35022
41591,장안면 수촌리,35023
41591,장안면 어은리,35021
41591,장안면 장안리,35025
41591,팔탄면 가재리,34024
41591,팔탄면 구장리,34025
41591,팔탄면 노하리,34027
41591,팔탄면 매곡리,34035
41591,팔탄면 지월리,34029
41591,향남읍 구문천리,25325
41591,향남읍 도이리,25338
41591,향남읍 발안리,25322
41591,향남읍 상신리,25324
41591,향남읍 장짐리,25341
41591,향남읍 평리,25321
41591,향남읍 하길리,25326
41593,기안동,10200
41593,매송면 어천리,31023
41593,매송면 원리,31027
41593,매송면 원평리,31022
41593,매송면 천천리,31021
41593,배양동,10100
41593,봉담읍 당하리,25030
41593,봉담읍 동화리,25024
41593,봉담읍 상리,25021
41593,봉담읍 수기리,25026
41593,봉담읍 수영리,25023
41593,봉담읍 와우리,25025
41593,봉담읍 왕림리,25028
41593,봉담읍 유리,25032
41593,비봉면 구포리,32025
41593,비봉면 삼화리,32024
41593,비봉면 양노리,32021
41593,정남면 계향리,33029
41593,정남면 고지리,33038
41593,정남면 괘랑리,33022
41593,정남면 덕절리,33032
41593,정남면 발산리,33021
41593,정남면 보통리,33023
41593,정남면 신리,33028
41593,정남면 용수리,33039
41595,기산동,10400
41595,능동,10300
41595,반월동,10500
41595,반정동,10600
41595,병점동,10200
41595,송산동,10800
41595,안녕동,10900
41595,진안동,10100
41597,금곡동,11400
41597,능동,10100
41597,반송동,10200
41597,방교동,11300
41597,석우동,10300
41597,송동,11200
41597,신동,10800
41597,여울동,11500
41597,영천동,10600
41597,장지동,11100
41597,청계동,10500
41610,경안동,10100
41610,고산동,11400
41610,곤지암읍 곤지암리,25921
41610,곤지암읍 삼리,25936
41610,곤지암읍 수양리,25922
41610,곤지암읍 신대리,25935
41610,곤지암읍 신촌리,25923
41610,곤지암읍 열미리,25934
41610,곤지암읍 오향리,25933
41610,남종면 분원리,35021
41610,남한산성면 불당리,37027
41610,능평동,11600
41610,도척면 궁평리,33027
41610,도척면 노곡리,33021
41610,도척면 도웅리,33026
41610,도척면 상림리,33025
41610,도척면 유정리,33022
41610,도척면 진우리,33028
41610,매산동,11900
41610,목동,11300
41610,목현동,10600
41610,문형동,11700
41610,삼동,10700
41610,송정동,10300
41610,신현동,11500
41610,쌍령동,10200
41610,양벌동,12000
41610,역동,11200
41610,장지동,11100
41610,중대동,10800
41610,직동,10900
41610,초월읍 늑현리,25324
41610,초월읍 대쌍령리,25321
41610,초월읍 도평리,25332
41610,초월읍 산이리,25323
41610,초월읍 선동리,25326
41610,초월읍 신월리,25328
41610,초월읍 쌍동리,25322
41610,초월읍 용수리,25327
41610,초월읍 지월리,25329
41610,추자동,11800
41610,탄벌동,10500
41610,태전동,11000
41610,퇴촌면 관음리,34022
41610,퇴촌면 광동리,34021
41610,퇴촌면 도수리,34025
41610,퇴촌면 우산리,34023
41610,퇴촌면 원당리,34029
41610,회덕동,10400
41630,고암동,11500
41630,고읍동,10900
41630,광사동,10600
41630,광적면 가납리,33021
41630,광적면 석우리,33027
41630,남면 상수리,32027
41630,남면 신산리,32021
41630,남면 한산리,32029
41630,덕계동,11600
41630,덕정동,11000
41630,만송동,10700
41630,백석읍 기산리,25027
41630,백석읍 방성리,25021
41630,백석읍 복지리,25023
41630,백석읍 오산리,25022
41630,백석읍 홍죽리,25025
41630,봉양동,11100
41630,산북동,10500
41630,삼숭동,10800
41630,옥정동,11400
41630,은현면 봉암리,31024
41630,은현면 선암리,31022
41630,은현면 용암리,31021
41630,장흥면 부곡리,34023
41630,장흥면 삼상리,34026
41630,장흥면 일영리,34025
41630,회정동,11700
41650,가산면 감암리,33022
41650,가산면 마산리,33021
41650,가산면 방축리,33023
41650,가산면 정교리,33025
41650,관인면 초과리,40023
41650,관인면 탄동리,40024
41650,군내면 구읍리,31021
41650,군내면 용정리,31022
41650,군내면 직두리,31026
41650,군내면 하성북리,31028
41650,내촌면 내리,32024
41650,동교동,10600
41650,선단동,10400
41650,설운동,10500
41650,소흘읍 송우리,25021
41650,소흘읍 이가팔리,25027
41650,소흘읍 이곡리,25024
41650,소흘읍 이동교리,25022
41650,소흘읍 초가팔리,25028
41650,신북면 가채리,34021
41650,신북면 기지리,34022
41650,신북면 만세교리,34024
41650,신읍동,10100
41650,어룡동,10200
41650,영북면 운천리,39021
41650,영중면 성동리,36024
41650,영중면 양문리,36021
41650,이동면 노곡리,38024
41650,일동면 기산리,37023
41670,가남읍 삼군리,25028
41670,가남읍 신해리,25023
41670,가남읍 태평리,25021
41670,강천면 도전리,37029
41670,교동,10800
41670,금사면 이포리,33021
41670,대신면 율촌리,35037
41670,북내면 당우리,36021
41670,산북면 명품리,38024
41670,산북면 상품리,38021
41670,삼교동,11400
41670,상동,10100
41670,세종대왕면 번도리,34521
41670,세종대왕면 신지리,34533
41670,연라동,11100
41670,오학동,12100
41670,월송동,10900
41670,점동면 성신리,31027
41670,점동면 청안리,31021
41670,점봉동,11500
41670,창동,10300
41670,천송동,12000
41670,하동,10700
41670,현암동,12200
41670,홍문동,10200
41800,백학면 노곡리,33025
41800,신서면 대광리,36021
41800,연천읍 차탄리,25021
41800,연천읍 통현리,25028
41800,연천읍 현가리,25022
41800,전곡읍 은대리,25322
41800,전곡읍 전곡리,25321
41800,청산면 궁평리,32024
41800,청산면 백의리,32025
41820,가평읍 경반리,25027
41820,가평읍 달전리,25023
41820,가평읍 대곡리,25022
41820,가평읍 승안리,25028
41820,가평읍 읍내리,25021
41820,북면 목동리,35021
41820,상면 상동리,33027
41820,상면 연하리,33021
41820,상면 임초리,33024
41820,설악면 미사리,31026
41820,설악면 사룡리,31024
41820,설악면 선촌리,31022
41820,설악면 송산리,31025
41820,설악면 신천리,31021
41820,설악면 창의리,31028
41820,설악면 회곡리,31023
41820,조종면 대보리,34527
41820,조종면 현리,34521
41820,청평면 대성리,32524
41820,청평면 상천리,32522
41820,청평면 청평리,32521
41820,청평면 하천리,32523
41830,강상면 교평리,31023
41830,강상면 병산리,31021
41830,강상면 세월리,31026
41830,강상면 송학리,31022
41830,강상면 신화리,31024
41830,강하면 성덕리,32025
41830,강하면 왕창리,32022
41830,강하면 운심리,32021
41830,강하면 전수리,32026
41830,개군면 하자포리,41021
41830,단월면 부안리,36026
41830,단월면 삼가리,36022
41830,서종면 도장리,35022
41830,서종면 문호리,35021
41830,서종면 수능리,35023
41830,서종면 수입리,35028
41830,서종면 정배리,35025
41830,양동면 쌍학리,38021
41830,양서면 국수리,33028
41830,양서면 복포리,33029
41830,양서면 양수리,33021
41830,양서면 용담리,33022
41830,양평읍 공흥리,25025
41830,양평읍 대흥리,25028
41830,양평읍 도곡리,25027
41830,양평읍 백안리,25026
41830,양평읍 양근리,25021
41830,양평읍 오빈리,25022
41830,양평읍 창대리,25032
41830,옥천면 신복리,34023
41830,옥천면 아신리,34024
41830,옥천면 옥천리,34021
41830,옥천면 용천리,34022
41830,용문면 금곡리,40026
41830,용문면 다문리,40024
41830,용문면 마룡리,40021
41830,용문면 삼성리,40023
41830,용문면 조현리,40030
41830,용문면 중원리,40029
41830,지평면 송현리,39522
41830,지평면 월산리,39523
41830,지평면 지평리,39521
41830,청운면 용두리,37021
43111,금천동,12000
43111,남일면 고은리,34028
43111,남일면 송암리,34021
43111,남일면 쌍수리,34027
43111,남일면 효촌리,34022
43111,남주동,11000
43111,대성동,11800
43111,문의면 미천리,35022
43111,미원면 내산리,32024
43111,미원면 미원리,32021
43111,방서동,12600
43111,북문로3가,10400
43111,서운동,10800
43111,수동,11200
43111,영동,10100
43111,영운동,11900
43111,용담동,12100
43111,용암동,12400
43111,탑동,11700
43112,개신동,10900
43112,남이면 가마리,31038
43112,남이면 척산리,31021
43112,모충동,10300
43112,미평동,10500
43112,분평동,10600
43112,사직동,10100
43112,사창동,10200
43112,산남동,10400
43112,성화동,10800
43112,수곡동,10700
43112,장성동,11100
43112,장암동,11200
43112,죽림동,11000
43113,가경동,11300
43113,강내면 궁현리,31022
43113,강내면 사곡리,31028
43113,강내면 월곡리,31034
43113,강내면 탑연리,31031
43113,강내면 학천리,31035
43113,강서동,11700
43113,복대동,11400
43113,봉명동,11500
43113,비하동,13800
43113,송절동,13400
43113,신봉동,10500
43113,오송읍 동평리,25029
43113,오송읍 만수리,25025
43113,오송읍 서평리,25030
43113,오송읍 쌍청리,25024
43113,오송읍 연제리,25026
43113,옥산면 가락리,32025
43113,옥산면 오산리,32021
43113,외북동,13600
43113,운천동,10400
43113,원평동,13200
43114,내덕동,10200
43114,내수읍 내수리,25021
43114,내수읍 도원리,25025
43114,내수읍 마산리,25022
43114,내수읍 은곡리,25036
43114,내수읍 풍정리,25023
43114,사천동,10400
43114,오창읍 각리,25344
43114,오창읍 양지리,25329
43114,오창읍 양청리,25345
43114,오창읍 장대리,25330
43114,오창읍 창리,25331
43114,오창읍 탑리,25340
43114,우암동,10100
43114,율량동,10300
43114,정하동,10800
43114,주성동,10500
43114,주중동,10600
43130,교현동,10500
43130,금릉동,12800
43130,단월동,10900
43130,대소원면 대소리,33521
43130,대소원면 본리,33531
43130,대소원면 완오리,33530
43130,동량면 조동리,40021
43130,목행동,11900
43130,문화동,12700
43130,봉방동,11500
43130,산척면 송강리,41021
43130,성남동,10200
43130,수안보면 온천리,32521
43130,신니면 용원리,35021
43130,안림동,12200
43130,앙성면 용대리,37030
43130,앙성면 용포리,37021
43130,앙성면 지당리,37028
43130,엄정면 목계리,42023
43130,연수동,11800
43130,용산동,10600
43130,주덕읍 신양리,25021
43130,주덕읍 신중리,25025
43130,주덕읍 화곡리,25026
43130,중앙탑면 루암리,38527
43130,중앙탑면 용전리,38526
43130,중앙탑면 탑평리,38521
43130,지현동,12500
43130,직동,10800
43130,호암동,10700
43150,고암동,11500
43150,교동,10500
43150,남천동,10400
43150,덕산면 도전리,34021
43150,동현동,10300
43150,두학동,11800
43150,명동,10800
43150,백운면 평동리,36021
43150,서부동,10200
43150,송학면 도화리,38025
43150,송학면 입석리,38023
43150,신백동,12000
43150,영천동,11000
43150,의림동,10100
43150,장락동,11600
43150,중앙로2가,10700
43150,청전동,11300
43150,하소동,11100
43150,화산동,10900
43720,보은읍 교사리,25024
43720,보은읍 삼산리,25021
43720,보은읍 장신리,25023
43720,보은읍 죽전리,25022
43720,삼승면 원남리,35021
43730,옥천읍 금구리,25036
43730,옥천읍 대천리,25033
43730,옥천읍 마암리,25034
43730,옥천읍 문정리,25022
43730,옥천읍 삼양리,25038
43730,옥천읍 양수리,25035
43730,옥천읍 장야리,25037
43730,옥천읍 죽향리,25021
43730,이원면 강청리,36023
43730,이원면 건진리,36021
43730,청산면 교평리,35023
43730,청산면 지전리,35021
43740,심천면 심천리,40021
43740,양산면 송호리,39025
43740,양산면 수두리,39026
43740,영동읍 계산리,25021
43740,영동읍 동정리,25022
43740,영동읍 매천리,25027
43740,영동읍 부용리,25028
43740,영동읍 설계리,25031
43740,용산면 구촌리,31021
43740,학산면 서산리,38021
43740,황간면 남성리,32021
43740,황간면 마산리,32023
43745,증평읍 교동리,25022
43745,증평읍 대동리,25024
43745,증평읍 신동리,25025
43745,증평읍 용강리,25035
43745,증평읍 증천리,25028
43745,증평읍 증평리,25021
43745,증평읍 창동리,25026
43745,증평읍 초중리,25030
43750,광혜원면 광혜원리,37027
43750,광혜원면 죽현리,37024
43750,덕산읍 용몽리,25330
43750,덕산읍 한천리,25331
43750,덕산읍 화상리,25322
43750,문백면 문덕리,33021
43750,문백면 봉죽리,33027
43750,백곡면 석현리,34021
43750,이월면 송림리,35025
43750,이월면 신월리,35028
43750,진천읍 교성리,25021
43750,진천읍 벽암리,25026
43750,진천읍 성석리,25025
43750,진천읍 신정리,25022
43750,진천읍 읍내리,25024
43750,진천읍 장관리,25028
43750,진천읍 행정리,25027
43750,초평면 용정리,32024
43760,괴산읍 동부리,25021
43760,괴산읍 서부리,25022
43760,연풍면 삼풍리,33021
43760,연풍면 행촌리,33022
43760,청안면 읍내리,37021
43760,청천면 선평리,36022
43760,칠성면 도정리,34021
43770,감곡면 사곡리,37027
43770,감곡면 오향리,37021
43770,감곡면 왕장리,37031
43770,금왕읍 금석리,25322
43770,금왕읍 내송리,25339
43770,금왕읍 무극리,25321
43770,금왕읍 오선리,25337
43770,대소읍 대풍리,25632
43770,대소읍 삼정리,25627
43770,대소읍 오류리,25631
43770,대소읍 오산리,25621
43770,대소읍 태생리,25622
43770,맹동면 두성리,33028
43770,맹동면 쌍정리,33021
43770,삼성면 덕정리,35021
43770,생극면 신양리,36021
43770,원남면 하당리,32025
43770,음성읍 신천리,25029
43770,음성읍 용산리,25025
43770,음성읍 읍내리,25021
43770,음성읍 평곡리,25022
43800,가곡면 사평리,32021
43800,단성면 북상리,36021
43800,단성면 상방리,36023
43800,단성면 하방리,36025
43800,단양읍 별곡리,25025
43800,단양읍 상진리,25027
43800,매포읍 평동리,25327
43800,영춘면 남천리,33023
43800,영춘면 사지원리,33034
44131,광덕면 대평리,32030
44131,광덕면 신흥리,32026
44131,구성동,10800
44131,다가동,11400
44131,대흥동,10100
44131,목천읍 교촌리,25023
44131,목천읍 남화리,25030
44131,목천읍 도장리,25037
44131,목천읍 동리,25022
44131,목천읍 동평리,25028
44131,목천읍 신계리,25033
44131,문화동,10300
44131,병천면 가전리,36021
44131,병천면 탑원리,36023
44131,봉명동,11300
44131,북면 연춘리,33021
44131,사직동,10400
44131,삼룡동,11000
44131,성황동,10200
44131,신방동,11600
44131,신부동,11800
44131,쌍용동,11700
44131,안서동,11900
44131,영성동,10500
44131,오룡동,10600
44131,용곡동,11500
44131,원성동,10700
44131,유량동,11200
44131,청당동,11100
44131,청수동,10900
44131,풍세면 남관리,31025
44131,풍세면 보성리,31028
44131,풍세면 풍서리,31021
44133,두정동,10400
44133,백석동,10300
44133,부대동,11100
44133,불당동,10800
44133,성거읍 석교리,25330
44133,성거읍 송남리,25321
44133,성거읍 요방리,25331
44133,성거읍 저리,25325
44133,성거읍 천흥리,25322
44133,성성동,10500
44133,성정동,10200
44133,성환읍 매주리,25023
44133,성환읍 성월리,25022
44133,성환읍 성환리,25021
44133,성환읍 우신리,25028
44133,신당동,11000
44133,쌍용동,10700
44133,와촌동,10100
44133,입장면 도림리,31024
44133,입장면 신덕리,31030
44133,입장면 유리,31037
44133,입장면 하장리,31021
44133,입장면 효계리,31029
44133,직산읍 모시리,25629
44133,직산읍 부송리,25628
44133,직산읍 삼은리,25626
44133,차암동,10600
44150,교동,10600
44150,금성동,10800
44150,금학동,11000
44150,반포면 학봉리,34033
44150,봉정동,11100
44150,봉황동,10200
44150,산성동,10500
44150,신관동,12000
44150,신풍면 산정리,40021
44150,옥룡동,10900
44150,웅진동,10700
44150,유구읍 녹천리,25025
44150,유구읍 백교리,25021
44150,유구읍 석남리,25023
44150,의당면 청룡리,36026
44150,주미동,11200
44150,중동,10400
44150,중학동,10300
44180,궁촌동,10600
44180,남포면 창동리,36023
44180,내항동,10700
44180,대천동,10100
44180,동대동,10400
44180,명천동,10500
44180,성주면 성주리,40021
44180,신흑동,11000
44180,오천면 소성리,32021
44180,웅천읍 대창리,25021
44180,웅천읍 대천리,25025
44180,주교면 은포리,41022
44180,주포면 보령리,31021
44180,죽정동,10200
44180,천북면 하만리,33021
44200,권곡동,11400
44200,남동,11900
44200,도고면 금산리,40024
44200,도고면 기곡리,40036
44200,둔포면 관대리,36027
44200,둔포면 둔포리,36021
44200,둔포면 석곡리,36032
44200,둔포면 운교리,36031
44200,모종동,11300
44200,방축동,10300
44200,배미동,11500
44200,배방읍 공수리,25324
44200,배방읍 북수리,25325
44200,배방읍 세출리,25327
44200,배방읍 장재리,25331
44200,신동,11800
44200,신창면 읍내리,41022
44200,실옥동,10200
44200,염치읍 곡교리,25028
44200,염치읍 석정리,25030
44200,염치읍 송곡리,25032
44200,염치읍 염성리,25025
44200,영인면 신운리,37025
44200,영인면 아산리,37021
44200,온천동,10100
44200,용화동,11200
44200,음봉면 덕지리,35034
44200,음봉면 산동리,35033
44200,음봉면 삼거리,35021
44200,음봉면 신휴리,35028
44200,음봉면 원남리,35026
44200,읍내동,11000
44200,인주면 공세리,38021
44200,인주면 밀두리,38025
44200,탕정면 매곡리,33025
44200,탕정면 명암리,33022
44200,탕정면 용두리,33021
44200,탕정면 호산리,33024
44200,풍기동,11100
44210,고북면 가구리,40021
44210,고북면 기포리,40029
44210,고북면 신상리,40026
44210,대산읍 대로리,25022
44210,대산읍 대산리,25021
44210,대산읍 영탑리,25030
44210,대산읍 화곡리,25028
44210,동문동,10200
44210,부석면 창리,32033
44210,부석면 취평리,32026
44210,석남동,10800
44210,석림동,10700
44210,성연면 갈현리,36026
44210,성연면 오사리,36023
44210,성연면 왕정리,36024
44210,수석동,10600
44210,예천동,10900
44210,오남동,11200
44210,운산면 용장리,38032
44210,음암면 도당리,37021
44210,음암면 부산리,37025
44210,읍내동,10100
44210,인지면 둔당리,31021
44210,인지면 야당리,31022
44210,인지면 풍전리,31030
44210,죽성동,11000
44210,지곡면 중왕리,34025
44210,지곡면 화천리,34021
44210,해미면 읍내리,39021
44210,해미면 조산리,39042
44210,해미면 휴암리,39022
44230,강경읍 대흥리,25029
44230,강경읍 동흥리,25022
44230,강경읍 산양리,25032
44230,강경읍 채산리,25031
44230,강경읍 홍교리,25025
44230,강산동,11000
44230,내동,10900
44230,대교동,10300
44230,부창동,10400
44230,상월면 석종리,34025
44230,양촌면 인천리,39021
44230,연무읍 금곡리,25323
44230,연무읍 동산리,25324
44230,연무읍 안심리,25331
44230,연무읍 황화정리,25330
44230,연산면 연산리,36021
44230,은진면 연서리,41021
44230,취암동,10500
44230,화지동,10100
44250,금암동,10100
44250,엄사면 엄사리,31521
44250,엄사면 향한리,31525
44270,고대면 용두리,31021
44270,대덕동,10700
44270,면천면 성상리,35021
44270,석문면 교로리,32025
44270,석문면 삼봉리,32023
44270,석문면 장고항리,32024
44270,석문면 통정리,32021
44270,송산면 동곡리,39032
44270,송산면 무수리,39030
44270,송산면 삼월리,39029
44270,송산면 상거리,39021
44270,송악읍 가학리,25342
44270,송악읍 기지시리,25321
44270,송악읍 반촌리,25328
44270,송악읍 봉교리,25326
44270,송악읍 중흥리,25334
44270,수청동,10600
44270,순성면 봉소리,36021
44270,시곡동,10500
44270,신평면 거산리,38023
44270,신평면 금천리,38021
44270,신평면 도성리,38030
44270,신평면 상오리,38024
44270,신평면 운정리,38028
44270,우강면 송산리,37022
44270,우강면 창리,37021
44270,원당동,10400
44270,읍내동,10100
44270,정미면 천의리,34021
44270,채운동,10200
44270,합덕읍 소소리,25023
44270,합덕읍 운산리,25021
44710,금산읍 상리,25024
44710,금산읍 상옥리,25026
44710,금산읍 아인리,25025
44710,금산읍 중도리,25022
44710,금산읍 하옥리,25023
44710,금성면 의총리,31028
44710,진산면 읍내리,37028
44710,추부면 마전리,39023
44760,규암면 규암리,31032
44760,규암면 신리,31029
44760,규암면 오수리,31030
44760,규암면 외리,31033
44760,부여읍 가탑리,25033
44760,부여읍 관북리,25030
44760,부여읍 구교리,25032
44760,부여읍 구아리,25029
44760,부여읍 군수리,25040
44760,부여읍 동남리,25028
44760,부여읍 석목리,25025
44760,부여읍 쌍북리,25031
44760,부여읍 왕포리,25041
44760,부여읍 용정리,25026
44760,부여읍 자왕리,25036
44760,부여읍 중정리,25034
44760,은산면 은산리,32024
44760,홍산면 남촌리,36024
44770,마서면 계동리,31021
44770,비인면 성내리,40021
44770,서면 마량리,41022
44770,서면 신합리,41026
44770,서천읍 구암리,25331
44770,서천읍 군사리,25321
44770,서천읍 사곡리,25322
44770,서천읍 화금리,25330
44770,장항읍 성주리,25023
44770,장항읍 신창리,25024
44770,장항읍 원수리,25030
44770,장항읍 창선1리,25021
44770,장항읍 창선2리,25022
44770,판교면 등고리,38034
44790,정산면 서정리,33021
44790,청양읍 교월리,25023
44790,청양읍 송방리,25029
44790,청양읍 읍내리,25021
44800,갈산면 상촌리,38021
44800,광천읍 광천리,25322
44800,광천읍 상정리,25329
44800,광천읍 신진리,25321
44800,구항면 오봉리,39022
44800,홍동면 구정리,33028
44800,홍북읍 상하리,25622
44800,홍북읍 신경리,25625
44800,홍성읍 고암리,25030
44800,홍성읍 남장리,25026
44800,홍성읍 내법리,25031
44800,홍성읍 대교리,25022
44800,홍성읍 오관리,25021
44800,홍성읍 옥암리,25025
44800,홍성읍 월산리,25024
44810,고덕면 대천리,38021
44810,고덕면 석곡리,38032
44810,광시면 광시리,33021
44810,대흥면 동서리,34021
44810,덕산면 시량리,36027
44810,덕산면 신평리,36026
44810,덕산면 옥계리,36023
44810,덕산면 읍내리,36021
44810,봉산면 대지리,37030
44810,삽교읍 두리,25321
44810,삽교읍 목리,25326
44810,삽교읍 신리,25327
44810,삽교읍 용동리,25335
44810,삽교읍 이리,25325
44810,예산읍 대회리,25023
44810,예산읍 발연리,25026
44810,예산읍 산성리,25025
44810,예산읍 신례원리,25030
44810,예산읍 예산리,25021
44810,예산읍 주교리,25024
44810,예산읍 창소리,25029
44810,예산읍 향천리,25022
44810,오가면 역탑리,40021
44825,근흥면 도황리,33026
44825,근흥면 신진도리,33028
44825,남면 달산리,32024
44825,안면읍 승언리,25321
44825,안면읍 창기리,25323
44825,원북면 반계리,35021
44825,태안읍 남문리,25022
44825,태안읍 동문리,25021
44825,태안읍 삭선리,25033
44825,태안읍 평천리,25027
46110,남교동,10700
46110,달동,16100
46110,대성동,10400
46110,동명동,11800
46110,북교동,10600
46110,산정동,10200
46110,상동,15800
46110,서산동,15400
46110,석현동,16000
46110,연산동,10300
46110,옥암동,16400
46110,온금동,15600
46110,용당동,10100
46110,용해동,15900
46110,유달동,13200
46110,죽교동,15700
46130,고소동,10500
46130,광무동,11200
46130,국동,11700
46130,덕충동,12600
46130,돌산읍 우두리,25030
46130,둔덕동,12300
46130,문수동,12000
46130,미평동,12200
46130,봉강동,11400
46130,봉산동,11500
46130,선원동,13500
46130,소라면 덕양리,31021
46130,소라면 죽림리,31022
46130,소호동,13100
46130,안산동,13000
46130,여서동,11900
46130,연등동,11100
46130,웅천동,13400
46130,종화동,10100
46130,주삼동,13800
46130,학동,12800
46130,화장동,13700
46150,가곡동,10900
46150,남정동,11600
46150,덕암동,11300
46150,덕월동,12700
46150,동외동,12200
46150,매곡동,10700
46150,생목동,11200
46150,서면 동산리,32025
46150,석현동,10800
46150,연향동,11400
46150,오천동,12600
46150,옥천동,10400
46150,인제동,11700
46150,장천동,11900
46150,저전동,11800
46150,조곡동,11100
46150,조례동,13300
46150,풍덕동,11500
46150,해룡면 복성리,31021
46170,금계동,11000
46170,금천면 오강리,39021
46170,남내동,11200
46170,남평읍 대교리,25022
46170,남평읍 동사리,25023
46170,다시면 월태리,36022
46170,대호동,11600
46170,빛가람동,13400
46170,산포면 매성리,40021
46170,송월동,10200
46170,영산동,12300
46170,용산동,12400
46170,이창동,12800
46230,광양읍 구산리,25022
46230,광양읍 덕례리,25035
46230,광양읍 목성리,25025
46230,광양읍 용강리,25030
46230,광양읍 우산리,25021
46230,광양읍 인서리,25032
46230,광양읍 칠성리,25023
46230,광영동,10800
46230,금호동,11000
46230,중동,10600
46710,금성면 석현리,37022
46710,담양읍 남산리,25026
46710,담양읍 담주리,25021
46710,담양읍 백동리,25025
46710,담양읍 지침리,25023
46710,담양읍 천변리,25022
46710,대전면 대치리,41021
46710,창평면 의항리,34026
46720,곡성읍 교촌리,25023
46720,곡성읍 읍내리,25021
46720,곡성읍 학정리,25022
46720,옥과면 리문리,37023
46720,옥과면 옥과리,37021
46730,구례읍 봉남리,25022
46730,구례읍 봉동리,25021
46730,구례읍 봉북리,25030
46730,마산면 냉천리,34026
46770,고흥읍 남계리,25026
46770,고흥읍 등암리,25024
46770,고흥읍 서문리,25028
46770,고흥읍 옥하리,25027
46770,고흥읍 행정리,25029
46770,고흥읍 호형리,25025
46770,과역면 과역리,38026
46770,금산면 대흥리,33021
46770,도덕면 도덕리,32021
46770,도양읍 봉암리,25324
46770,도화면 당오리,34027
46770,동강면 유둔리,40021
46770,봉래면 신금리,36024
46770,포두면 길두리,35025
46780,득량면 예당리,38023
46780,벌교읍 장좌리,25332
46780,벌교읍 회정리,25338
46780,보성읍 보성리,25021
46780,보성읍 원봉리,25028
46780,보성읍 주봉리,25029
46780,조성면 조성리,37021
46790,능주면 잠정리,35024
46790,화순읍 광덕리,25030
46790,화순읍 동구리,25026
46790,화순읍 만연리,25023
46790,화순읍 벽라리,25035
46790,화순읍 삼천리,25031
46790,화순읍 유천리,25027
46790,화순읍 일심리,25028
46790,화순읍 훈리,25025
46800,관산읍 옥당리,25326
46800,관산읍 죽교리,25327
46800,대덕읍 도청리,25624
46800,장흥읍 건산리,25037
46800,장흥읍 남외리,25025
46800,장흥읍 동동리,25021
46800,장흥읍 예양리,25024
46800,장흥읍 우산리,25048
46800,장흥읍 원도리,25045
46810,강진읍 남성리,25022
46810,강진읍 동성리,25021
46810,강진읍 서성리,25023
46810,강진읍 평동리,25026
46810,군동면 호계리,31022
46810,성전면 월평리,36024
46820,문내면 동외리,42023
46820,송지면 산정리,34027
46820,해남읍 고도리,25024
46820,해남읍 구교리,25036
46820,해남읍 남동리,25033
46820,해남읍 남외리,25025
46820,해남읍 성내리,25026
46820,해남읍 수성리,25027
46820,해남읍 평동리,25022
46820,해남읍 해리,25021
46830,군서면 도갑리,36029
46830,군서면 동구림리,36028
46830,삼호읍 용앙리,25326
46830,시종면 내동리,34026
46830,신북면 월평리,33030
46830,영암읍 남풍리,25025
46830,영암읍 동무리,25024
46830,영암읍 서남리,25023
46830,영암읍 역리,25026
46830,영암읍 춘양리,25027
46830,학산면 금계리,38026
46830,학산면 독천리,38027
46840,무안읍 교촌리,25024
46840,무안읍 성남리,25023
46840,무안읍 성내리,25021
46840,삼향읍 남악리,25622
46840,삼향읍 임성리,25621
46840,일로읍 월암리,25326
46840,청계면 도림리,33023
46840,해제면 신정리,36026
46840,현경면 외반리,34024
46840,현경면 평산리,34023
46860,학교면 사거리,33027
46860,함평읍 기각리,25022
46860,함평읍 내교리,25023
46860,해보면 금덕리,37025
46870,법성면 법성리,37022
46870,영광읍 교촌리,25025
46870,영광읍 남천리,25023
46870,영광읍 녹사리,25036
46870,영광읍 단주리,25028
46870,영광읍 도동리,25024
46870,영광읍 무령리,25021
46870,영광읍 백학리,25022
46870,영광읍 신하리,25039
46870,영광읍 학정리,25037
46870,홍농읍 상하리,25621
46880,북이면 사거리,39021
46880,삼계면 사창리,35021
46880,삼계면 주산리,35023
46880,장성읍 기산리,25026
46880,장성읍 단광리,25025
46880,장성읍 영천리,25024
46880,장성읍 유탕리,25023
46880,진원면 선적리,31023
46880,황룡면 월평리,36021
46880,황룡면 장산리,36026
46890,고금면 덕암리,33022
46890,완도읍 가용리,25022
46890,완도읍 군내리,25021
46900,고군면 고성리,32022
46900,고군면 석현리,32021
46900,임회면 석교리,34026
46900,진도읍 교동리,25024
46900,진도읍 동외리,25021
46900,진도읍 성내리,25023
47111,구룡포읍 구룡포리,25021
47111,구룡포읍 눌태리,25030
47111,대도동,10200
47111,대송면 송동리,31026
47111,대송면 제내리,31027
47111,대잠동,11600
47111,동해면 도구리,32021
47111,동해면 신정리,32024
47111,상도동,10100
47111,송도동,10400
47111,연일읍 괴정리,25322
47111,연일읍 동문리,25323
47111,연일읍 생지리,25321
47111,연일읍 오천리,25324
47111,연일읍 유강리,25325
47111,연일읍 자명리,25326
47111,연일읍 택전리,25331
47111,오천읍 구정리,25631
47111,오천읍 문덕리,25622
47111,오천읍 세계리,25629
47111,오천읍 용덕리,25630
47111,오천읍 원리,25621
47111,이동,11700
47111,인덕동,11200
47111,지곡동,11500
47111,청림동,10500
47111,해도동,10300
47111,호미곶면 대보리,35022
47111,효자동,11400
47113,기계면 현내리,34021
47113,대신동,10900
47113,대흥동,10100
47113,덕산동,10700
47113,덕수동,10800
47113,동빈1가,11000
47113,두호동,12000
47113,득량동,11400
47113,상원동,10400
47113,송라면 방석리,33026
47113,송라면 화진리,33027
47113,양덕동,12200
47113,여천동,10500
47113,용흥동,11700
47113,우현동,11800
47113,장성동,12100
47113,죽도동,11600
47113,창포동,11900
47113,청하면 덕성리,32021
47113,청하면 덕천리,32022
47113,청하면 방어리,32027
47113,청하면 용두리,32025
47113,학산동,11200
47113,학잠동,11500
47113,항구동,11300
47113,환호동,12300
47113,흥해읍 남성리,25027
47113,흥해읍 마산리,25023
47113,흥해읍 성곡리,25048
47113,흥해읍 약성리,25025
47113,흥해읍 옥성리,25024
47113,흥해읍 중성리,25029
47113,흥해읍 학성리,25026
47113,흥해읍 학천리,25047
47130,감포읍 감포리,25029
47130,감포읍 오류리,25025
47130,감포읍 팔조리,25027
47130,강동면 유금리,37026
47130,건천읍 건천리,25631
47130,건천읍 조전리,25629
47130,건천읍 천포리,25625
47130,구정동,13100
47130,내남면 이조리,33024
47130,노서동,10700
47130,동천동,12600
47130,마동,13200
47130,서면 아화리,35022
47130,서부동,10200
47130,석장동,14400
47130,성건동,10800
47130,성동동,10400
47130,시래동,13000
47130,안강읍 산대리,25332
47130,안강읍 안강리,25333
47130,안강읍 양월리,25334
47130,양남면 나산리,32034
47130,양남면 읍천리,32028
47130,양남면 하서리,32021
47130,외동읍 모화리,25922
47130,외동읍 입실리,25921
47130,용강동,12500
47130,천북면 동산리,38025
47130,충효동,11400
47130,현곡면 금장리,36027
47130,황성동,12400
47130,황오동,10500
47150,교동,10900
47150,남산동,10600
47150,다수동,11200
47150,대항면 복전리,38027
47150,대항면 향천리,38021
47150,덕곡동,11600
47150,모암동,10300
47150,문당동,11100
47150,부곡동,11400
47150,삼락동,11000
47150,성내동,10400
47150,신음동,10800
47150,아포읍 국사리,25028
47150,아포읍 송천리,25029
47150,어모면 중왕리,36021
47150,율곡동,12000
47150,응명동,11800
47150,지좌동,11500
47150,평화동,10500
47170,금곡동,12600
47170,길안면 천지리,39021
47170,노하동,13500
47170,당북동,12100
47170,동문동,11100
47170,목성동,12400
47170,법상동,12500
47170,북문동,10300
47170,북후면 옹천리,32021
47170,서후면 교리,33028
47170,서후면 명리,33029
47170,송천동,13700
47170,송현동,13600
47170,신세동,10800
47170,신안동,10500
47170,안기동,12800
47170,안막동,13200
47170,옥동,13300
47170,용상동,11000
47170,운안동,12900
47170,율세동,10600
47170,이천동,13400
47170,정상동,13900
47170,정하동,14000
47170,태화동,12200
47170,평화동,12700
47170,풍산읍 노리,25030
47170,풍산읍 안교리,25021
47170,풍천면 갈전리,34021
47190,고아읍 관심리,25321
47190,고아읍 문성리,25332
47190,광평동,11400
47190,구평동,12000
47190,남통동,10800
47190,도량동,10300
47190,봉곡동,10400
47190,비산동,11200
47190,사곡동,11500
47190,산동읍 봉산리,25626
47190,산동읍 신당리,25625
47190,산동읍 인덕리,25628
47190,상모동,11600
47190,선산읍 교리,25029
47190,선산읍 노상리,25023
47190,선산읍 완전리,25021
47190,선산읍 이문리,25024
47190,송정동,11000
47190,신평동,11100
47190,오태동,11800
47190,옥계동,12800
47190,원평동,10100
47190,인의동,12200
47190,임수동,12500
47190,임은동,11700
47190,장천면 상장리,36021
47190,지산동,10200
47190,진평동,12300
47190,형곡동,10900
47190,황상동,12100
47210,가흥동,10500
47210,순흥면 읍내리,37024
47210,영주동,10100
47210,조암동,11100
47210,풍기읍 교촌리,25028
47210,풍기읍 동부리,25022
47210,풍기읍 서부리,25029
47210,풍기읍 성내리,25021
47210,하망동,10300
47210,휴천동,10400
47230,고경면 단포리,38021
47230,교촌동,10700
47230,금노동,11200
47230,금호읍 교대리,25021
47230,금호읍 냉천리,25027
47230,금호읍 덕성리,25022
47230,도동,11100
47230,망정동,10200
47230,문외동,10500
47230,성내동,10900
47230,신녕면 완전리,32028
47230,야사동,10300
47230,오수동,12400
47230,완산동,11300
47230,화룡동,11000
47250,가장동,11300
47250,계산동,13000
47250,공성면 이화리,35026
47250,낙양동,11000
47250,남성동,10700
47250,냉림동,10500
47250,만산동,13300
47250,무양동,10900
47250,복룡동,10400
47250,서문동,10800
47250,성동동,10200
47250,신봉동,11200
47250,죽전동,13200
47250,함창읍 구향리,25021
47250,헌신동,12300
47250,화산동,12900
47250,화서면 달천리,41023
47280,가은읍 왕능리,25321
47280,공평동,10900
47280,마성면 외어리,36027
47280,모전동,11000
47280,문경읍 교촌리,25023
47280,문경읍 상리,25021
47280,문경읍 하리,25022
47280,영신동,10200
47280,점촌동,10100
47280,흥덕동,10300
47290,계양동,11600
47290,대평동,11200
47290,백천동,10600
47290,사동,12600
47290,사정동,10800
47290,삼남동,10100
47290,삼북동,10200
47290,상방동,10500
47290,서상동,10300
47290,압량읍 가일리,25631
47290,압량읍 부적리,25621
47290,압량읍 신대리,25622
47290,옥곡동,10700
47290,옥산동,10900
47290,와촌면 소월리,31021
47290,유곡동,12200
47290,임당동,11400
47290,자인면 동부리,33021
47290,자인면 북사리,33023
47290,자인면 서부리,33022
47290,정평동,11100
47290,조영동,11800
47290,중방동,11700
47290,진량읍 보인리,25323
47290,진량읍 봉회리,25324
47290,진량읍 부기리,25326
47290,진량읍 선화리,25322
47290,진량읍 신상리,25321
47290,진량읍 평사리 (平沙),25332
47290,평산동,12500
47290,하양읍 금락리,25021
47290,하양읍 동서리,25022
47730,다인면 서릉리,44036
47730,봉양면 화전리,38040
47730,안계면 용기리,43030
47730,의성읍 상리리,25023
47730,의성읍 중리리,25022
47730,의성읍 후죽리,25021
47750,부남면 감연리,32030
47750,진보면 각산리,37045
47750,진보면 이촌리,37037
47750,진보면 진안리,37036
47750,청송읍 금곡리,25023
47750,청송읍 월막리,25021
47750,현동면 도평리,33028
47750,현서면 구산리,34043
47760,영양읍 동부리,25021
47760,영양읍 서부리,25022
47760,입암면 산해리,31042
47770,강구면 금호리,31038
47770,강구면 삼사리,31033
47770,강구면 오포리,31032
47770,강구면 원직리,31041
47770,강구면 화전리,31034
47770,남정면 원척리,32049
47770,병곡면 병곡리,37038
47770,영덕읍 남석리,25023
47770,영덕읍 덕곡리,25024
47770,영덕읍 우곡리,25027
47770,영덕읍 화개리,25022
47770,영해면 괴시리,36031
47770,영해면 벌영리,36035
47770,영해면 성내리,36030
47770,축산면 축산리,35032
47820,각남면 구곡리,31034
47820,금천면 동곡리,36031
47820,청도읍 고수리,25321
47820,청도읍 원정리,25329
47820,풍각면 봉기리,32034
47820,풍각면 송서리,32033
47820,화양읍 범곡리,25027
47830,다산면 평리리,34031
47830,대가야읍 고아리,25322
47830,대가야읍 연조리,25325
47830,대가야읍 장기리,25324
47830,대가야읍 지산리,25326
47830,대가야읍 쾌빈리,25321
47830,대가야읍 헌문리,25323
47830,쌍림면 하거리,37041
47840,가천면 창천리,34030
47840,선남면 도성리,31038
47840,성주읍 경산리,25021
47840,성주읍 백전리,25029
47840,성주읍 성산리,25024
47840,성주읍 예산리,25028
47840,초전면 대장리,38032
47850,기산면 영리,37030
47850,동명면 금암리,32030
47850,동명면 기성리,32036
47850,동명면 남원리,32034
47850,북삼읍 숭오리,25324
47850,북삼읍 인평리,25325
47850,석적읍 남율리,25623
47850,석적읍 중리,25622
47850,약목면 남계리,36030
47850,약목면 복성리,36028
47850,왜관읍 석전리,25022
47850,왜관읍 왜관리,25021
47850,지천면 신리,31036
47900,예천읍 남본리,25025
47900,예천읍 대심리,25027
47900,예천읍 동본리,25024
47900,예천읍 백전리,25023
47900,예천읍 서본리,25026
47900,예천읍 청복리,25032
47900,용궁면 읍부리,38021
47900,지보면 암천리,40027
47900,호명읍 금능리,25324
47900,호명읍 산합리,25330
47920,봉화읍 내성리,25031
47920,봉화읍 삼계리,25022
47920,봉화읍 해저리,25026
47920,춘양면 서벽리,34027
47920,춘양면 의양리,34021
47930,근남면 노음리,33021
47930,기성면 척산리,35021
47930,북면 부구리,31021
47930,온정면 소태리,36021
47930,울진읍 고성리,25026
47930,울진읍 연지리,25023
47930,울진읍 읍내리,25021
47930,죽변면 봉평리,37024
47930,죽변면 죽변리,37021
47930,죽변면 후정리,37022
47930,후포면 금음리,38023
47930,후포면 삼율리,38022
47930,후포면 후포리,38021
47940,울릉읍 저동리,25025
48121,대산면 가술리,32024
48121,대산면 제동리,32025
48121,도계동,10500
48121,동읍 단계리,25029
48121,동읍 송정리,25027
48121,동읍 신방리,25033
48121,동읍 용잠리,25032
48121,동읍 용정리,25028
48121,동정동,10600
48121,명서동,12400
48121,봉곡동,12700
48121,북동,10100
48121,북면 무곡리,31031
48121,북면 신촌리,31036
48121,사림동,12500
48121,서상동,10300
48121,소계동,10700
48121,소답동,10400
48121,중동,10200
48121,팔용동,12900
48123,가음동,13100
48123,가음정동,10300
48123,내동,11100
48123,대원동,13700
48123,상남동,12700
48123,성주동,12800
48123,신월동,13600
48123,신촌동,12300
48123,안민동,11000
48123,용호동,13500
48123,중앙동,12500
48125,교방동,10200
48125,대성동1가,10600
48125,대외동,10800
48125,대창동,10900
48125,동성동,11100
48125,부림동,11700
48125,산호동,11800
48125,상남동,11900
48125,서성동,12000
48125,신창동,12400
48125,신포동2가,12600
48125,예곡동,13600
48125,오동동,13700
48125,완월동,12800
48125,우산동,13800
48125,월남동1가,12900
48125,월남동3가,13100
48125,월남동4가,13200
48125,월영동,13400
48125,월포동,13500
48125,자산동,14000
48125,중앙동1가,14700
48125,중앙동2가,14800
48125,중앙동3가,14900
48125,진동면 고현리,32021
48125,진동면 요장리,32025
48125,진동면 진동리,32024
48125,진북면 지산리,33021
48125,창동,15000
48125,창포동3가,15300
48125,청계동,15400
48125,추산동,15500
48125,해운동,15800
48125,홍문동,16000
48127,구암동,10100
48127,내서읍 감천리,25030
48127,내서읍 삼계리,25028
48127,내서읍 상곡리,25026
48127,내서읍 신감리,25029
48127,내서읍 용담리,25024
48127,내서읍 원계리,25027
48127,내서읍 중리,25025
48127,내서읍 호계리,25023
48127,봉암동,10300
48127,석전동,10400
48127,양덕동,10500
48127,합성동,10600
48127,회성동,10700
48127,회원동,10800
48129,가주동,16500
48129,경화동,13900
48129,광화동,12400
48129,대영동,11200
48129,대죽동,11700
48129,대흥동,13300
48129,덕산동,14300
48129,두동,16100
48129,마천동,15800
48129,북부동,14700
48129,서중동,14900
48129,석동,14000
48129,속천동,11600
48129,여좌동,13700
48129,용원동,16400
48129,이동,14100
48129,익선동,12100
48129,인사동,13600
48129,자은동,14200
48129,제황산동,11500
48129,죽곡동,15500
48129,중앙동,12600
48129,중평동,12800
48129,창선동,12200
48129,충무동,13500
48129,충의동,10800
48129,태백동,13800
48129,태평동,10700
48129,풍호동,14400
48129,행암동,14600
48129,화천동,13100
48129,회현동,12000
48170,가좌동,13100
48170,강남동,10300
48170,계동,11200
48170,금산면 송백리,41025
48170,금산면 장사리,41027
48170,내동면 신율리,31022
48170,대곡면 광석리,40022
48170,망경동,10100
48170,명석면 우수리,44031
48170,봉곡동,11300
48170,상대동,11900
48170,상봉동,11400
48170,상평동,12100
48170,수정동,11600
48170,신안동,12500
48170,옥봉동,11800
48170,이현동,12700
48170,인사동,10800
48170,일반성면 개암리,36023
48170,일반성면 창촌리,36021
48170,장대동,11700
48170,정촌면 예하리,32025
48170,주약동,10200
48170,중안동,11100
48170,초전동,12200
48170,충무공동,13700
48170,칠암동,10400
48170,평거동,12600
48170,하대동,12000
48170,호탄동,13200
48220,광도면 노산리,34023
48220,광도면 안정리,34027
48220,광도면 죽림리,34024
48220,당동,11400
48220,도남동,11700
48220,도천동,10100
48220,동호동,10800
48220,명정동,10300
48220,무전동,11100
48220,문화동,10600
48220,미수동,11500
48220,봉평동,11600
48220,북신동,11000
48220,사량면 금평리,37021
48220,산양읍 남평리,25026
48220,산양읍 신전리,25022
48220,서호동,10200
48220,용남면 동달리,31022
48220,용남면 삼화리,31024
48220,용남면 장평리,31026
48220,용남면 화삼리,31021
48220,인평동,11300
48220,정량동,10900
48220,항남동,10400
48240,곤명면 금성리,36035
48240,곤명면 정곡리,36032
48240,곤양면 성내리,35021
48240,곤양면 송전리,35024
48240,동금동,10400
48240,벌리동,10800
48240,사남면 방지리,32023
48240,사남면 유천리,32024
48240,사남면 죽천리,32021
48240,사남면 초전리,32022
48240,사남면 화전리,32026
48240,사천읍 사주리,25025
48240,사천읍 선인리,25021
48240,사천읍 수석리,25024
48240,사천읍 정의리,25022
48240,사천읍 평화리,25023
48240,서동,10200
48240,서포면 구평리,37027
48240,선구동,10300
48240,용강동,10900
48240,용현면 덕곡리,33032
48240,용현면 송지리,33021
48240,용현면 신복리,33026
48240,좌룡동,10700
48240,죽림동,12700
48240,향촌동,11600
48250,관동동,13000
48250,내동,10800
48250,대동면 월촌리,37029
48250,대성동,10500
48250,대청동,12900
48250,동상동,10100
48250,무계동,12600
48250,봉황동,10400
48250,부원동,10300
48250,삼계동,10700
48250,삼방동,11900
48250,삼정동,11700
48250,생림면 봉림리,35023
48250,서상동,10200
48250,신문동,12700
48250,안동,12000
48250,어방동,11800
48250,외동,10900
48250,전하동,11500
48250,지내동,12100
48250,진례면 고모리,33030
48250,진례면 송정리,33023
48250,진례면 송현리,33028
48250,진례면 청천리,33021
48250,진례면 초전리,33024
48250,진영읍 내룡리,25031
48250,진영읍 설창리,25030
48250,진영읍 신용리,25029
48250,진영읍 여래리,25027
48250,진영읍 좌곤리,25025
48250,진영읍 진영리,25026
48250,풍유동,11100
48250,한림면 장방리,34028
48250,흥동,11000
48270,가곡동,10800
48270,교동,10300
48270,내이동,10200
48270,내일동,10100
48270,무안면 무안리,38021
48270,무안면 성덕리,38034
48270,부북면 춘화리,31035
48270,삼랑진읍 검세리,25027
48270,삼랑진읍 송지리,25021
48270,삼문동,10400
48270,상남면 예림리,36022
48270,용평동,10600
48270,하남읍 수산리,25321
48310,거제면 동상리,34029
48310,거제면 서상리,34027
48310,거제면 서정리,34026
48310,거제면 오수리,34030
48310,고현동,10900
48310,남부면 갈곶리,33025
48310,능포동,10100
48310,덕포동,10700
48310,동부면 가배리,32026
48310,둔덕면 하둔리,35026
48310,사등면 사곡리,36021
48310,사등면 성포리,36023
48310,사등면 창호리,36028
48310,상동동,11000
48310,수월동,11400
48310,아주동,10500
48310,양정동,11300
48310,연초면 송정리,37030
48310,연초면 연사리,37023
48310,연초면 오비리,37022
48310,연초면 죽토리,37024
48310,연초면 한내리,37021
48310,옥포동,10600
48310,일운면 구조라리,31022
48310,일운면 소동리,31025
48310,일운면 옥림리,31026
48310,일운면 지세포리,31024
48310,장목면 외포리,39029
48310,장목면 장목리,39026
48310,장승포동,10200
48310,장평동,10800
48310,하청면 하청리,38024
48330,교동,11000
48330,남부동,10200
48330,다방동,10100
48330,덕계동,12000
48330,동면 금산리,31027
48330,동면 석산리,31026
48330,명곡동,10500
48330,명동,11500
48330,물금읍 가촌리,25323
48330,물금읍 물금리,25321
48330,물금읍 범어리,25324
48330,북부동,10400
48330,북정동,10700
48330,삼호동,11400
48330,상북면 석계리,33021
48330,상북면 소토리,33023
48330,소주동,11700
48330,신기동,10600
48330,어곡동,11200
48330,용당동,11300
48330,원동면 서룡리,32027
48330,중부동,10300
48330,평산동,11900
48330,하북면 순지리,34021
48330,하북면 용연리,34028
48330,하북면 지산리,34022
48720,부림면 신반리,39021
48720,의령읍 동동리,25023
48720,의령읍 서동리,25021
48720,의령읍 하리,25030
48720,칠곡면 신포리,32023
48730,가야읍 도항리,25024
48730,가야읍 말산리,25021
48730,군북면 덕대리,32021
48730,군북면 월촌리,32032
48730,군북면 중암리,32022
48730,대산면 구혜리,34027
48730,칠서면 대치리,35026
48730,칠원읍 구성리,25321
48730,칠원읍 예곡리,25326
48730,칠원읍 오곡리,25325
48730,칠원읍 용정리,25327
48730,함안면 봉성리,31021
48730,함안면 북촌리,31022
48740,계성면 신당리,37023
48740,고암면 중대리,31021
48740,남지읍 남지리,25321
48740,남지읍 마산리,25322
48740,대지면 효정리,36025
48740,부곡면 거문리,42022
48740,부곡면 부곡리,42021
48740,영산면 교리,38023
48740,영산면 서리,38021
48740,영산면 성내리,38024
48740,영산면 죽사리,38026
48740,이방면 거남리,34030
48740,창녕읍 교리,25022
48740,창녕읍 교하리,25037
48740,창녕읍 말흘리,25023
48740,창녕읍 송현리,25021
48740,창녕읍 술정리,25025
48740,창녕읍 직교리,25026
48820,거류면 당동리,43021
48820,거류면 신용리,43022
48820,고성읍 기월리,25026
48820,고성읍 동외리,25024
48820,고성읍 서외리,25022
48820,고성읍 송학리,25025
48820,고성읍 수남리,25023
48820,고성읍 신월리,25035
48820,고성읍 율대리,25033
48820,하이면 덕호리,33021
48820,회화면 배둔리,40021
48840,고현면 이어리,37021
48840,남해읍 북변리,25021
48840,남해읍 서변리,25022
48840,남해읍 심천리,25026
48840,남해읍 아산리,25027
48840,남해읍 차산리,25024
48840,미조면 미조리,34022
48840,삼동면 지족리,33022
48840,상주면 상주리,32022
48840,서면 서호리,36023
48840,이동면 무림리,31024
48850,고전면 전도리,35024
48850,금남면 계천리,36030
48850,옥종면 청룡리,41021
48850,진교면 진교리,37021
48850,하동읍 비파리,25023
48850,하동읍 읍내리,25021
48850,화개면 탑리,31023
48860,금서면 매촌리,34021
48860,단성면 강누리,37022
48860,산청읍 옥산리,25022
48860,산청읍 지리,25023
48860,생초면 어서리,33021
48860,시천면 원리,36026
48860,신안면 갈전리,38028
48860,신안면 하정리,38021
48870,수동면 화산리,34021
48870,안의면 당본리,36022
48870,안의면 이전리,36023
48870,함양읍 교산리,25024
48870,함양읍 용평리,25022
48870,함양읍 운림리,25021
48870,함양읍 이은리,25029
48880,가조면 마상리,40028
48880,가조면 수월리,40029
48880,거창읍 가지리,25031
48880,거창읍 김천리,25025
48880,거창읍 대동리,25023
48880,거창읍 대평리,25024
48880,거창읍 상림리,25021
48880,거창읍 장팔리,25027
48880,거창읍 중앙리,25022
48890,대양면 정양리,41021
48890,삼가면 금리,43027
48890,율곡면 제내리,35033
48890,적중면 상부리,40028
48890,합천읍 영창리,25023
48890,합천읍 합천리,25021
50110,건입동,10700
50110,구좌읍 김녕리,25634
50110,구좌읍 덕천리,25624
50110,구좌읍 동복리,25621
50110,구좌읍 세화리,25628
50110,구좌읍 종달리,25632
50110,구좌읍 평대리,25633
50110,구좌읍 하도리,25631
50110,구좌읍 한동리,25630
50110,구좌읍 행원리,25627
50110,내도동,14000
50110,노형동,12200
50110,도남동,12900
50110,도두이동,12800
50110,도두일동,12700
50110,도련이동,13100
50110,도련일동,13000
50110,도평동,13800
50110,봉개동,11600
50110,삼도이동,10600
50110,삼도일동,10500
50110,삼양삼동,11500
50110,삼양이동,11400
50110,삼양일동,11300
50110,아라이동,11800
50110,아라일동,11700
50110,애월읍 고내리,25333
50110,애월읍 고성리,25329
50110,애월읍 곽지리,25337
50110,애월읍 광령리,25321
50110,애월읍 구엄리,25324
50110,애월읍 봉성리,25339
50110,애월읍 상귀리,25323
50110,애월읍 소길리,25328
50110,애월읍 수산리,25325
50110,애월읍 신엄리,25326
50110,애월읍 애월리,25334
50110,애월읍 유수암리,25342
50110,애월읍 장전리,25327
50110,애월읍 하가리,25330
50110,애월읍 하귀1리,25340
50110,애월읍 하귀2리,25341
50110,연동,13700
50110,영평동,13600
50110,오등동,13400
50110,오라삼동,12100
50110,오라이동,12000
50110,오라일동,11900
50110,외도이동,12400
50110,외도일동,12300
50110,용담삼동,11000
50110,용담이동,10900
50110,용담일동,10800
50110,우도면 연평리,33021
50110,월평동,13500
50110,이도이동,10400
50110,이도일동,10300
50110,이호이동,12600
50110,이호일동,12500
50110,일도이동,10200
50110,일도일동,10100
50110,조천읍 대흘리,25926
50110,조천읍 북촌리,25927
50110,조천읍 선흘리,25930
50110,조천읍 신촌리,25921
50110,조천읍 신흥리,25925
50110,조천읍 와흘리,25922
50110,조천읍 조천리,25923
50110,조천읍 함덕리,25924
50110,한경면 고산리,31023
50110,한경면 낙천리,31029
50110,한경면 용수리,31022
50110,한경면 저지리,31030
50110,한경면 청수리,31021
50110,한림읍 귀덕리,25021
50110,한림읍 금능리,25033
50110,한림읍 대림리,25023
50110,한림읍 동명리,25026
50110,한림읍 상대리,25029
50110,한림읍 수원리,25022
50110,한림읍 옹포리,25028
50110,한림읍 한림리,25024
50110,한림읍 한수리,25035
50110,한림읍 협재리,25031
50110,해안동,13900
50110,화북이동,11200
50110,화북일동,11100
50110,회천동,13300
50130,강정동,11600
50130,남원읍 남원리,25321
50130,남원읍 신흥리,25326
50130,남원읍 위미리,25327
50130,남원읍 태흥리,25322
50130,남원읍 하례리,25328
50130,대정읍 구억리,25030
50130,대정읍 동일리,25028
50130,대정읍 무릉리,25031
50130,대정읍 보성리,25029
50130,대정읍 상모리,25021
50130,대정읍 안성리,25023
50130,대정읍 하모리,25022
50130,대포동,11400
50130,도순동,11700
50130,동홍동,10500
50130,법환동,10200
50130,보목동,11000
50130,상예동,12000
50130,상효동,10700
50130,색달동,11900
50130,서귀동,10100
50130,서호동,10300
50130,서홍동,10600
50130,성산읍 고성리,25924
50130,성산읍 성산리,25921
50130,성산읍 수산리,25925
50130,성산읍 신산리,25927
50130,성산읍 신천리,25930
50130,성산읍 오조리,25922
50130,성산읍 온평리,25926
50130,신효동,10900
50130,안덕면 감산리,31023
50130,안덕면 덕수리,31026
50130,안덕면 동광리,31028
50130,안덕면 사계리,31025
50130,안덕면 상창리,31024
50130,안덕면 상천리,31030
50130,안덕면 서광리,31027
50130,안덕면 창천리,31022
50130,안덕면 화순리,31021
50130,월평동,11500
50130,중문동,11200
50130,토평동,11100
50130,표선면 가시리,32024
50130,표선면 세화리,32025
50130,표선면 표선리,32021
50130,표선면 하천리,32022
50130,하예동,12100
50130,하원동,11800
50130,하효동,10800
50130,호근동,10400
50130,회수동,11300
51110,교동,12200
51110,근화동,11700
51110,남면 박암리,34022
51110,남산면 방곡리,40026
51110,남산면 창촌리,40025
51110,동내면 신촌리,39022
51110,동내면 학곡리,39025
51110,동면 만천리,31022
51110,동면 지내리,31021
51110,봉의동,10100
51110,석사동,12400
51110,소양로1가,11300
51110,소양로4가,11600
51110,신북읍 율문리,25021
51110,신북읍 천전리,25022
51110,약사동,11100
51110,옥천동,10700
51110,온의동,12100
51110,요선동,10200
51110,운교동,11000
51110,조양동,10800
51110,퇴계동,12300
51110,효자동,11200
51110,후평동,12000
51130,개운동,10500
51130,단계동,11000
51130,단구동,10700
51130,명륜동,10600
51130,무실동,11500
51130,문막읍 건등리,25026
51130,문막읍 동화리,25022
51130,반곡동,11700
51130,봉산동,11300
51130,소초면 장양리,31023
51130,신림면 신림리,39021
51130,우산동,11100
51130,일산동,10800
51130,지정면 가곡리,33023
51130,지정면 신평리,33025
51130,태장동,11200
51130,학성동,10900
51130,행구동,11400
51130,흥업면 매지리,37022
51130,흥업면 흥업리,37021
51150,교동,11000
51150,구정면 여찬리,33021
51150,구정면 학산리,33022
51150,내곡동,11600
51150,노암동,12100
51150,대전동,13400
51150,명주동,10300
51150,사천면 미노리,36021
51150,사천면 사천진리,36025
51150,성남동,10800
51150,송정동,11400
51150,연곡면 영진리,37022
51150,옥계면 금진리,35029
51150,옥계면 현내리,35021
51150,옥천동,10900
51150,용강동,10700
51150,유천동,13100
51150,입암동,12500
51150,주문진읍 교항리,25022
51150,주문진읍 주문리,25021
51150,죽헌동,13300
51150,지변동,13200
51150,초당동,11200
51150,포남동,11100
51150,홍제동,10100
51150,회산동,11700
51170,구미동,11300
51170,귀운동,11900
51170,단봉동,11600
51170,동회동,10700
51170,묵호진동,12300
51170,발한동,11100
51170,부곡동,11000
51170,북평동,11200
51170,쇄운동,10900
51170,용정동,10400
51170,천곡동,10100
51190,문곡동,10500
51190,소도동,10700
51190,장성동,10200
51190,통동,11200
51190,황지동,10100
51210,교동,10600
51210,금호동,10400
51210,노학동,10700
51210,대포동,11000
51210,동명동,10200
51210,설악동,11200
51210,영랑동,10100
51210,장사동,11300
51210,조양동,10800
51210,중앙동,10300
51210,청학동,10500
51230,갈천동,10700
51230,교동,10600
51230,근덕면 교가리,31024
51230,남양동,12000
51230,당저동,10500
51230,도계읍 도계리,25030
51230,도계읍 마교리,25029
51230,도계읍 전두리,25033
51230,마달동,11000
51230,사직동,12100
51230,성남동,11900
51230,성내동,10100
51230,오분동,12200
51230,원당동,11800
51230,원덕읍 노곡리,25323
51230,원덕읍 옥원리,25325
51230,원덕읍 월천리,25327
51230,원덕읍 임원리,25322
51230,원덕읍 호산리,25326
51230,정상동,12500
51230,정하동,12600
51720,남면 양덕원리,36021
51720,북방면 상화계리,38021
51720,북방면 중화계리,38023
51720,북방면 하화계리,38037
51720,서석면 풍암리,34021
51720,홍천읍 갈마곡리,25024
51720,홍천읍 검율리,25025
51720,홍천읍 신장대리,25022
51720,홍천읍 연봉리,25029
51720,홍천읍 진리,25021
51720,홍천읍 하오안리,25030
51720,홍천읍 희망리,25023
51720,화촌면 성산리,31023
51730,둔내면 둔방내리,33022
51730,안흥면 안흥리,32021
51730,우천면 우항리,31031
51730,횡성읍 교항리,25035
51730,횡성읍 북천리,25023
51730,횡성읍 읍상리,25021
51730,횡성읍 읍하리,25022
51730,횡성읍 입석리,25036
51750,상동읍 구래리,25322
51750,상동읍 내덕리,25321
51750,영월읍 덕포리,25024
51750,영월읍 영흥리,25021
51750,영월읍 팔괴리,25030
51750,영월읍 하송리,25022
51750,주천면 주천리,36021
51760,대관령면 수하리,38025
51760,대관령면 용산리,38026
51760,대관령면 횡계리,38024
51760,대화면 대화리,33021
51760,대화면 신리,33022
51760,봉평면 면온리,34025
51760,봉평면 무이리,34026
51760,봉평면 원길리,34028
51760,봉평면 진조리,34024
51760,봉평면 창동리,34021
51760,봉평면 흥정리,34027
51760,용평면 용전리,35021
51760,용평면 이목정리,35022
51760,용평면 장평리,35027
51760,진부면 상진부리,36022
51760,진부면 하진부리,36021
51760,평창읍 종부리,25025
51760,평창읍 중리,25022
51760,평창읍 천변리,25024
51760,평창읍 하리,25023
51770,고한읍 고한리,25321
51770,남면 무릉리,32022
51770,북평면 북평리,34022
51770,사북읍 사북리,25622
51770,신동읍 조동리,25923
51770,임계면 봉산리,35026
51770,정선읍 봉양리,25021
51770,정선읍 애산리,25024
51780,갈말읍 군탄리,25624
51780,갈말읍 문혜리,25625
51780,갈말읍 신철원리,25621
51780,갈말읍 지포리,25622
51780,동송읍 이평리,25921
51780,서면 와수리,31022
51780,서면 자등리,31021
51780,철원읍 화지리,25021
51790,사내면 사창리,34021
51790,하남면 용암리,32026
51790,화천읍 상리,25024
51790,화천읍 신읍리,25025
51790,화천읍 아리,25021
51790,화천읍 중리,25023
51790,화천읍 하리,25022
51800,양구읍 상리,25021
51800,양구읍 송청리,25024
51800,양구읍 정림리,25032
51810,기린면 현리,33021
51810,남면 신남리,31021
51810,북면 용대리,32024
51810,북면 원통리,32021
51810,상남면 하남리,35022
51810,서화면 천도리,34021
51810,인제읍 남북리,25022
51810,인제읍 덕산리,25024
51810,인제읍 상동리,25021
51820,간성읍 상리,25025
51820,간성읍 신안리,25022
51820,거진읍 거진리,25321
51820,거진읍 반암리,25332
51820,토성면 봉포리,33035
51830,양양읍 구교리,25022
51830,양양읍 남문리,25021
51830,양양읍 서문리,25035
51830,양양읍 연창리,25025
51830,현남면 남애리,34038
51830,현북면 기사문리,33022
51830,현북면 중광정리,33029
51830,현북면 하광정리,33030
52111,경원동3가,10700
52111,고사동,11700
52111,교동,11800
52111,남노송동,12100
52111,다가동1가,11300
52111,동서학동,12500
52111,동완산동,12200
52111,삼천동1가,13700
52111,삼천동2가,13800
52111,삼천동3가,13900
52111,서노송동,14700
52111,서서학동,12600
52111,서신동,12900
52111,서완산동2가,12400
52111,원당동,13100
52111,중노송동,12000
52111,중앙동4가,10400
52111,중인동,13500
52111,중화산동1가,12700
52111,중화산동2가,12800
52111,태평동,11900
52111,평화동1가,13200
52111,평화동2가,13300
52111,효자동1가,14000
52111,효자동2가,14100
52111,효자동3가,14200
52113,금암동,10700
52113,덕진동1가,10500
52113,덕진동2가,10600
52113,만성동,13100
52113,반월동,12300
52113,산정동,11100
52113,송천동1가,12100
52113,송천동2가,12200
52113,여의동2가,13900
52113,우아동1가,11300
52113,우아동2가,11400
52113,우아동3가,11500
52113,인후동1가,10300
52113,인후동2가,10400
52113,장동,13200
52113,중동,13800
52113,진북동,10200
52113,팔복동1가,10800
52113,팔복동2가,10900
52130,경암동,13600
52130,경장동,13500
52130,구암동,13700
52130,나운동,14400
52130,대야면 지경리,35022
52130,동흥남동,13200
52130,문화동,11000
52130,미룡동,14500
52130,사정동,14000
52130,산북동,15100
52130,삼학동,11100
52130,서흥남동,13300
52130,소룡동,14600
52130,수송동,14100
52130,오식도동,14700
52130,옥서면 선연리,40022
52130,옥서면 옥봉리,40021
52130,장미동,12000
52130,장재동,12800
52130,조촌동,13400
52130,회현면 금광리,32022
52130,회현면 대정리,32023
52140,갈산동,10700
52140,금마면 동고도리,40021
52140,금마면 서고도리,40022
52140,금마면 신용리,40023
52140,남중동,11300
52140,동산동,11100
52140,마동,11200
52140,망성면 신작리,38021
52140,모현동1가,11400
52140,모현동2가,11500
52140,부송동,13400
52140,삼기면 간촌리,43021
52140,송학동,11600
52140,신동,12100
52140,신용동,12000
52140,어양동,12300
52140,여산면 여산리,39021
52140,영등동,12200
52140,오산면 장신리,31022
52140,인화동1가,10900
52140,인화동2가,11000
52140,주현동,10800
52140,중앙동2가,10400
52140,중앙동3가,10500
52140,창인동1가,10100
52140,춘포면 오산리,42024
52140,춘포면 춘포리,42032
52140,팔봉동,12700
52140,함열읍 와리,25021
52140,황등면 황등리,32021
52180,북면 한교리,31021
52180,상동,10300
52180,송산동,11300
52180,수성동,10100
52180,시기동,10400
52180,연지동,10500
52180,정우면 수금리,38030
52190,금동,10600
52190,도통동,11600
52190,동충동,10100
52190,산내면 장항리,46024
52190,쌍교동,10400
52190,왕정동,10800
52190,운봉읍 동천리,25026
52190,운봉읍 서천리,25029
52190,월락동,11700
52190,인월면 서무리,47023
52190,인월면 인월리,47022
52190,죽항동,10300
52190,하정동,10200
52190,향교동,11100
52210,검산동,10400
52210,금구면 금구리,42021
52210,금구면 서도리,42034
52210,금구면 월전리,42025
52210,금산면 성계리,45021
52210,금산면 쌍용리,45022
52210,서암동,10700
52210,신풍동,10200
52210,옥산동,11000
52210,요촌동,10100
52210,하동,11200
52210,황산면 남산리,44027
52710,고산면 읍내리,36021
52710,구이면 원기리,35025
52710,구이면 항가리,35026
52710,봉동읍 낙평리,25329
52710,봉동읍 둔산리,25324
52710,봉동읍 장기리,25328
52710,삼례읍 삼례리,25021
52710,삼례읍 후정리,25022
52710,상관면 죽림리,32022
52710,소양면 대흥리,34025
52710,소양면 신원리,34028
52710,소양면 황운리,34024
52710,용진읍 상운리,25623
52710,이서면 갈산리,33024
52710,이서면 은교리,33028
52720,진안읍 군상리,25021
52720,진안읍 군하리,25022
52730,무주읍 당산리,25022
52730,무주읍 읍내리,25021
52730,설천면 소천리,32024
52730,안성면 장기리,34021
52730,안성면 죽천리,34023
52740,산서면 동화리,31034
52740,장계면 장계리,33521
52740,장수읍 선창리,25023
52740,장수읍 장수리,25021
52750,강진면 갈담리,39023
52750,관촌면 관촌리,38026
52750,오수면 오수리,35521
52750,운암면 마암리,32030
52750,운암면 운종리,32031
52750,임실읍 대곡리,25027
52750,임실읍 성가리,25021
52750,임실읍 오정리,25023
52750,임실읍 이도리,25022
52770,복흥면 정산리,37031
52770,순창읍 남계리,25022
52770,순창읍 순화리,25021
52790,고창읍 교촌리,25022
52790,고창읍 덕산리,25030
52790,고창읍 석교리,25037
52790,고창읍 석정리,25025
52790,고창읍 월곡리,25023
52790,고창읍 읍내리,25021
52790,대산면 매산리,38025
52790,흥덕면 흥덕리,40021
52800,변산면 격포리,36022
52800,변산면 도청리,36021
52800,변산면 지서리,36025
52800,부안읍 동중리,25021
52800,부안읍 봉덕리,25024
52800,부안읍 서외리,25022
52800,상서면 가오리,39022
52800,줄포면 줄포리,41021
52800,진서면 곰소리,37024
52800,행안면 역리,33021
